Variety,Yield,Year,isTotal,State,Source,isTM,isR
Total Idaho,1745,2012,TRUE,Idaho,HGA 10.pdf,FALSE,FALSE
Cascade,1802,2012,FALSE,Oregon,HGA 10.pdf,FALSE,FALSE
Centennial,1779,2012,FALSE,Oregon,HGA 10.pdf,FALSE,FALSE
Golding,1527,2012,FALSE,Oregon,HGA 10.pdf,FALSE,FALSE
Liberty,2519,2012,FALSE,Oregon,HGA 10.pdf,FALSE,FALSE
Magnum,1737,2012,FALSE,Oregon,HGA 10.pdf,FALSE,FALSE
Millennium,,2012,FALSE,Oregon,HGA 10.pdf,FALSE,FALSE
Mt. Hood,1737,2012,FALSE,Oregon,HGA 10.pdf,FALSE,FALSE
Nugget,2071,2012,FALSE,Oregon,HGA 10.pdf,FALSE,FALSE
Perle,,2012,FALSE,Oregon,HGA 10.pdf,FALSE,FALSE
Sterling,,2012,FALSE,Oregon,HGA 10.pdf,FALSE,FALSE
Super Galena,2763,2012,FALSE,Oregon,HGA 10.pdf,FALSE,TRUE
Tettnanger,1493,2012,FALSE,Oregon,HGA 10.pdf,FALSE,FALSE
Willamette,1663,2012,FALSE,Oregon,HGA 10.pdf,FALSE,FALSE
Other,1690,2012,FALSE,Oregon,HGA 10.pdf,FALSE,FALSE
Total Oregon,1885,2012,TRUE,Oregon,HGA 10.pdf,FALSE,FALSE
Ahtanum YCR 1,1489,2012,FALSE,Washington,HGA 10.pdf,FALSE,FALSE
Apollo,2655,2012,FALSE,Washington,HGA 10.pdf,FALSE,TRUE
Bravo,2647,2012,FALSE,Washington,HGA 10.pdf,FALSE,TRUE
Cascade,1854,2012,FALSE,Washington,HGA 10.pdf,FALSE,FALSE
Centennial,1354,2012,FALSE,Washington,HGA 10.pdf,FALSE,FALSE
Chelan,,2012,FALSE,Washington,HGA 10.pdf,FALSE,FALSE
Chinook,1699,2012,FALSE,Washington,HGA 10.pdf,FALSE,FALSE
Citra HBC 394,1342,2012,FALSE,Washington,HGA 10.pdf,TRUE,FALSE
Cluster,1965,2012,FALSE,Washington,HGA 10.pdf,FALSE,FALSE
Columbus/Tomahawk,2280,2012,FALSE,Washington,HGA 10.pdf,FALSE,TRUE
Crystal,1184,2012,FALSE,Washington,HGA 10.pdf,FALSE,FALSE
Galena,1742,2012,FALSE,Washington,HGA 10.pdf,FALSE,FALSE
Glacier,1461,2012,FALSE,Washington,HGA 10.pdf,FALSE,FALSE
Golding,,2012,FALSE,Washington,HGA 10.pdf,FALSE,FALSE
Millennium,2017,2012,FALSE,Washington,HGA 10.pdf,FALSE,FALSE
Mt. Hood,1264,2012,FALSE,Washington,HGA 10.pdf,FALSE,FALSE
Northern Brewer,1443,2012,FALSE,Washington,HGA 10.pdf,FALSE,FALSE
Nugget,1679,2012,FALSE,Washington,HGA 10.pdf,FALSE,FALSE
Simcoe YCR 14,1679,2012,FALSE,Washington,HGA 10.pdf,FALSE,FALSE
Summit,2084,2012,FALSE,Washington,HGA 10.pdf,FALSE,TRUE
Super Galena,2645,2012,FALSE,Washington,HGA 10.pdf,FALSE,TRUE
Tettnanger,1003,2012,FALSE,Washington,HGA 10.pdf,FALSE,FALSE
Vanguard,1280,2012,FALSE,Washington,HGA 10.pdf,FALSE,FALSE
Willamette,1359,2012,FALSE,Washington,HGA 10.pdf,FALSE,FALSE
Palisade YCR 4,2356,2012,FALSE,Washington,HGA 10.pdf,FALSE,TRUE
Warrior YCR 5,1968,2012,FALSE,Washington,HGA 10.pdf,FALSE,TRUE
Zeus,2390,2012,FALSE,Washington,HGA 10.pdf,FALSE,FALSE
Other,1455,2012,FALSE,Washington,HGA 10.pdf,FALSE,FALSE
Amarillo VGXP01,1569,2017,FALSE,Idaho,HGA 105.pdf,FALSE,TRUE
Apollo,1798,2017,FALSE,Idaho,HGA 105.pdf,TRUE,FALSE
Bravo,2799,2017,FALSE,Idaho,HGA 105.pdf,TRUE,FALSE
Calypso,2159,2017,FALSE,Idaho,HGA 105.pdf,TRUE,FALSE
Cascade,1771,2017,FALSE,Idaho,HGA 105.pdf,FALSE,FALSE
Centennial,2028,2017,FALSE,Idaho,HGA 105.pdf,FALSE,FALSE
Chinook,1665,2017,FALSE,Idaho,HGA 105.pdf,FALSE,FALSE
Citra HBC 394,1657,2017,FALSE,Idaho,HGA 105.pdf,FALSE,TRUE
Crystal,2084,2017,FALSE,Idaho,HGA 105.pdf,FALSE,FALSE
El Dorado,2163,2017,FALSE,Idaho,HGA 105.pdf,FALSE,TRUE
Mosaic HBC 369,2581,2017,FALSE,Idaho,HGA 105.pdf,FALSE,TRUE
Simcoe YCR 14,1494,2017,FALSE,Idaho,HGA 105.pdf,FALSE,TRUE
Super Galena,,2017,FALSE,Idaho,HGA 105.pdf,TRUE,FALSE
Willamette,1689,2017,FALSE,Idaho,HGA 105.pdf,FALSE,FALSE
Zeus,2756,2017,FALSE,Idaho,HGA 105.pdf,FALSE,FALSE
Experimental,611,2017,FALSE,Idaho,HGA 105.pdf,FALSE,FALSE
Other Varieties,1929,2017,FALSE,Idaho,HGA 105.pdf,FALSE,FALSE
Total Idaho,1968,2017,TRUE,Idaho,HGA 105.pdf,FALSE,FALSE
Cascade,1425,2017,FALSE,Oregon,HGA 105.pdf,FALSE,FALSE
Centennial,1273,2017,FALSE,Oregon,HGA 105.pdf,FALSE,FALSE
Chinook,1667,2017,FALSE,Oregon,HGA 105.pdf,FALSE,FALSE
Citra HBC 394,1475,2017,FALSE,Oregon,HGA 105.pdf,FALSE,TRUE
Crystal,1772,2017,FALSE,Oregon,HGA 105.pdf,FALSE,FALSE
Fuggle,1251,2017,FALSE,Oregon,HGA 105.pdf,FALSE,FALSE
Golding,1181,2017,FALSE,Oregon,HGA 105.pdf,FALSE,FALSE
Liberty,,2017,FALSE,Oregon,HGA 105.pdf,FALSE,FALSE
Magnum,1714,2017,FALSE,Oregon,HGA 105.pdf,FALSE,FALSE
Mosaic HBC 369,1875,2017,FALSE,Oregon,HGA 105.pdf,FALSE,TRUE
Mt. Hood,1439,2017,FALSE,Oregon,HGA 105.pdf,FALSE,FALSE
Nugget,1820,2017,FALSE,Oregon,HGA 105.pdf,FALSE,FALSE
Perle,1164,2017,FALSE,Oregon,HGA 105.pdf,FALSE,FALSE
Simcoe YCR 14,1421,2017,FALSE,Oregon,HGA 105.pdf,FALSE,TRUE
Sterling,1407,2017,FALSE,Oregon,HGA 105.pdf,FALSE,FALSE
Super Galena,2096,2017,FALSE,Oregon,HGA 105.pdf,TRUE,FALSE
Tettnanger,1013,2017,FALSE,Oregon,HGA 105.pdf,FALSE,FALSE
Willamette,1324,2017,FALSE,Oregon,HGA 105.pdf,FALSE,FALSE
Experimental,,2017,FALSE,Oregon,HGA 105.pdf,FALSE,FALSE
Other Varieties,1573,2017,FALSE,Oregon,HGA 105.pdf,FALSE,FALSE
Total Oregon,1517,2017,TRUE,Oregon,HGA 105.pdf,FALSE,FALSE
Azacca ADHA-483,2463,2017,FALSE,Washington,HGA 105.pdf,TRUE,FALSE
Ahtanum YCR 1,1052,2017,FALSE,Washington,HGA 105.pdf,FALSE,TRUE
Amarillo VGXP01,1687,2017,FALSE,Washington,HGA 105.pdf,FALSE,FALSE
Apollo,2729,2017,FALSE,Washington,HGA 105.pdf,TRUE,FALSE
Bravo,2671,2017,FALSE,Washington,HGA 105.pdf,TRUE,FALSE
Cascade,2124,2017,FALSE,Washington,HGA 105.pdf,FALSE,FALSE
Centennial,1703,2017,FALSE,Washington,HGA 105.pdf,FALSE,FALSE
Chinook,1784,2017,FALSE,Washington,HGA 105.pdf,FALSE,FALSE
Citra HBC 394,1748,2017,FALSE,Washington,HGA 105.pdf,FALSE,TRUE
Cluster,1937,2017,FALSE,Washington,HGA 105.pdf,FALSE,FALSE
Columbus/Tomahawk,2646,2017,FALSE,Washington,HGA 105.pdf,FALSE,TRUE
Comet,1855,2017,FALSE,Washington,HGA 105.pdf,FALSE,FALSE
Crystal,2063,2017,FALSE,Washington,HGA 105.pdf,FALSE,FALSE
Ekuanot HBC 366,2740,2017,FALSE,Washington,HGA 105.pdf,TRUE,FALSE
El Dorado,1946,2017,FALSE,Washington,HGA 105.pdf,FALSE,TRUE
Eureka!,2244,2017,FALSE,Washington,HGA 105.pdf,TRUE,FALSE
Galena,2134,2017,FALSE,Washington,HGA 105.pdf,FALSE,FALSE
Glacier,,2017,FALSE,Washington,HGA 105.pdf,FALSE,FALSE
Golding,,2017,FALSE,Washington,HGA 105.pdf,FALSE,FALSE
Jarrylo ADHA-881,,2017,FALSE,Washington,HGA 105.pdf,TRUE,FALSE
Loral HBC 291,2295,2017,FALSE,Washington,HGA 105.pdf,FALSE,FALSE
Magnum,,2017,FALSE,Washington,HGA 105.pdf,FALSE,FALSE
Millennium,,2017,FALSE,Washington,HGA 105.pdf,FALSE,FALSE
Mosaic HBC 369,2439,2017,FALSE,Washington,HGA 105.pdf,FALSE,TRUE
Mt. Hood,1043,2017,FALSE,Washington,HGA 105.pdf,FALSE,FALSE
Northern Brewer,,2017,FALSE,Washington,HGA 105.pdf,FALSE,FALSE
Nugget,1950,2017,FALSE,Washington,HGA 105.pdf,FALSE,FALSE
Palisade YCR 4,2209,2017,FALSE,Washington,HGA 105.pdf,FALSE,TRUE
Simcoe YCR 14,1792,2017,FALSE,Washington,HGA 105.pdf,FALSE,TRUE
Summit,2067,2017,FALSE,Washington,HGA 105.pdf,TRUE,FALSE
Super Galena,2647,2017,FALSE,Washington,HGA 105.pdf,TRUE,FALSE
Tahoma,1752,2017,FALSE,Washington,HGA 105.pdf,FALSE,FALSE
Tettnanger,1202,2017,FALSE,Washington,HGA 105.pdf,FALSE,FALSE
Vanguard,,2017,FALSE,Washington,HGA 105.pdf,FALSE,FALSE
Warrior YCR 5,,2017,FALSE,Washington,HGA 105.pdf,FALSE,TRUE
Willamette,1446,2017,FALSE,Washington,HGA 105.pdf,FALSE,FALSE
Zeus,3088,2017,FALSE,Washington,HGA 105.pdf,FALSE,FALSE
Experimental,1901,2017,FALSE,Washington,HGA 105.pdf,FALSE,FALSE
Other Varieties,1746,2017,FALSE,Washington,HGA 105.pdf,FALSE,FALSE
Total Washington,2047,2017,TRUE,Washington,HGA 105.pdf,FALSE,FALSE
Total Pacific Northwest,1959,2017,TRUE,Pacific Northwest,HGA 105.pdf,FALSE,FALSE
Total Idaho,2408,2011,TRUE,Idaho,HGA 11.pdf,FALSE,FALSE
Cascade,1616,2011,FALSE,Oregon,HGA 11.pdf,FALSE,FALSE
Golding,,2011,FALSE,Oregon,HGA 11.pdf,FALSE,FALSE
Liberty,1326,2011,FALSE,Oregon,HGA 11.pdf,FALSE,FALSE
Magnum,1928,2011,FALSE,Oregon,HGA 11.pdf,FALSE,FALSE
Millennium,,2011,FALSE,Oregon,HGA 11.pdf,FALSE,FALSE
Mt. Hood,1890,2011,FALSE,Oregon,HGA 11.pdf,FALSE,FALSE
Nugget,2317,2011,FALSE,Oregon,HGA 11.pdf,FALSE,FALSE
Perle,1622,2011,FALSE,Oregon,HGA 11.pdf,FALSE,FALSE
Sterling,1915,2011,FALSE,Oregon,HGA 11.pdf,FALSE,FALSE
Super Galena,2263,2011,FALSE,Oregon,HGA 11.pdf,FALSE,TRUE
Tettnanger,1634,2011,FALSE,Oregon,HGA 11.pdf,FALSE,FALSE
Willamette,1716,2011,FALSE,Oregon,HGA 11.pdf,FALSE,FALSE
Other,1511,2011,FALSE,Oregon,HGA 11.pdf,FALSE,FALSE
Total Oregon,1908,2011,TRUE,Oregon,HGA 11.pdf,FALSE,FALSE
Ahtanum YCR 1,,2011,FALSE,Washington,HGA 11.pdf,FALSE,FALSE
Apollo,2758,2011,FALSE,Washington,HGA 11.pdf,FALSE,TRUE
Bravo,2609,2011,FALSE,Washington,HGA 11.pdf,FALSE,TRUE
Cascade,1955,2011,FALSE,Washington,HGA 11.pdf,FALSE,FALSE
Centennial,1403,2011,FALSE,Washington,HGA 11.pdf,FALSE,FALSE
Chelan,,2011,FALSE,Washington,HGA 11.pdf,FALSE,FALSE
Chinook,1718,2011,FALSE,Washington,HGA 11.pdf,FALSE,FALSE
Citra HBC 394,1812,2011,FALSE,Washington,HGA 11.pdf,TRUE,FALSE
Cluster,2019,2011,FALSE,Washington,HGA 11.pdf,FALSE,FALSE
Columbus/Tomahawk,2519,2011,FALSE,Washington,HGA 11.pdf,FALSE,TRUE
Galena,1821,2011,FALSE,Washington,HGA 11.pdf,FALSE,FALSE
Glacier,2182,2011,FALSE,Washington,HGA 11.pdf,FALSE,FALSE
Golding,,2011,FALSE,Washington,HGA 11.pdf,FALSE,FALSE
Hallertauer,,2011,FALSE,Washington,HGA 11.pdf,FALSE,FALSE
Millennium,2562,2011,FALSE,Washington,HGA 11.pdf,FALSE,FALSE
Mt. Hood,838,2011,FALSE,Washington,HGA 11.pdf,FALSE,FALSE
Northern Brewer,1698,2011,FALSE,Washington,HGA 11.pdf,FALSE,FALSE
Nugget,1969,2011,FALSE,Washington,HGA 11.pdf,FALSE,FALSE
Simcoe YCR 14,1779,2011,FALSE,Washington,HGA 11.pdf,FALSE,FALSE
Summit,,2011,FALSE,Washington,HGA 11.pdf,FALSE,TRUE
Super Galena,3041,2011,FALSE,Washington,HGA 11.pdf,FALSE,TRUE
Vanguard,,2011,FALSE,Washington,HGA 11.pdf,FALSE,FALSE
Willamette,1510,2011,FALSE,Washington,HGA 11.pdf,FALSE,FALSE
Palisade YCR 4,2562,2011,FALSE,Washington,HGA 11.pdf,FALSE,TRUE
Warrior YCR 5,2061,2011,FALSE,Washington,HGA 11.pdf,FALSE,TRUE
Zeus,2572,2011,FALSE,Washington,HGA 11.pdf,FALSE,FALSE
Other,,2011,FALSE,Washington,HGA 11.pdf,FALSE,FALSE
Total Washington,2200,2011,TRUE,Washington,HGA 11.pdf,FALSE,FALSE
Total United States,2175,2011,TRUE,United States,HGA 11.pdf,FALSE,FALSE
Total Idaho,2129,2010,TRUE,Idaho,HGA 12.pdf,FALSE,FALSE
Cascade,1680,2010,FALSE,Oregon,HGA 12.pdf,FALSE,FALSE
Golding,,2010,FALSE,Oregon,HGA 12.pdf,FALSE,FALSE
Millennium,,2010,FALSE,Oregon,HGA 12.pdf,FALSE,FALSE
Mt. Hood,1640,2010,FALSE,Oregon,HGA 12.pdf,FALSE,FALSE
Nugget,2119,2010,FALSE,Oregon,HGA 12.pdf,FALSE,FALSE
Sterling,1644,2010,FALSE,Oregon,HGA 12.pdf,FALSE,FALSE
Super Galena,,2010,FALSE,Oregon,HGA 12.pdf,FALSE,TRUE
Willamette,1535,2010,FALSE,Oregon,HGA 12.pdf,FALSE,FALSE
Other,1711,2010,FALSE,Oregon,HGA 12.pdf,FALSE,FALSE
Total Oregon,1791,2010,TRUE,Oregon,HGA 12.pdf,FALSE,FALSE
Ahtanum YCR 1,,2010,FALSE,Washington,HGA 12.pdf,FALSE,FALSE
Apollo,2778,2010,FALSE,Washington,HGA 12.pdf,FALSE,TRUE
Bravo,2566,2010,FALSE,Washington,HGA 12.pdf,FALSE,TRUE
Cascade,1905,2010,FALSE,Washington,HGA 12.pdf,FALSE,FALSE
Centennial,1791,2010,FALSE,Washington,HGA 12.pdf,FALSE,FALSE
Chelan,,2010,FALSE,Washington,HGA 12.pdf,FALSE,FALSE
Chinook,1963,2010,FALSE,Washington,HGA 12.pdf,FALSE,FALSE
Citra HBC 394,1930,2010,FALSE,Washington,HGA 12.pdf,TRUE,FALSE
Cluster,2060,2010,FALSE,Washington,HGA 12.pdf,FALSE,FALSE
Columbus/Tomahawk,2350,2010,FALSE,Washington,HGA 12.pdf,FALSE,TRUE
Galena,1810,2010,FALSE,Washington,HGA 12.pdf,FALSE,FALSE
Glacier,1943,2010,FALSE,Washington,HGA 12.pdf,FALSE,FALSE
Golding,,2010,FALSE,Washington,HGA 12.pdf,FALSE,FALSE
Hallertauer,,2010,FALSE,Washington,HGA 12.pdf,FALSE,FALSE
Millennium,2185,2010,FALSE,Washington,HGA 12.pdf,FALSE,FALSE
Mt. Hood,1211,2010,FALSE,Washington,HGA 12.pdf,FALSE,FALSE
Northern Brewer,1270,2010,FALSE,Washington,HGA 12.pdf,FALSE,FALSE
Nugget,1808,2010,FALSE,Washington,HGA 12.pdf,FALSE,FALSE
Simcoe YCR 14,1698,2010,FALSE,Washington,HGA 12.pdf,FALSE,FALSE
Sterling,,2010,FALSE,Washington,HGA 12.pdf,FALSE,FALSE
Summit,,2010,FALSE,Washington,HGA 12.pdf,FALSE,TRUE
Super Galena,2622,2010,FALSE,Washington,HGA 12.pdf,FALSE,TRUE
Vanguard,,2010,FALSE,Washington,HGA 12.pdf,FALSE,FALSE
Willamette,1350,2010,FALSE,Washington,HGA 12.pdf,FALSE,FALSE
Palisade YCR 4,2431,2010,FALSE,Washington,HGA 12.pdf,FALSE,TRUE
Warrior YCR 5,1778,2010,FALSE,Washington,HGA 12.pdf,FALSE,TRUE
Zeus,2678,2010,FALSE,Washington,HGA 12.pdf,FALSE,FALSE
Other,1968,2010,FALSE,Washington,HGA 12.pdf,FALSE,FALSE
Total Washington,2147,2010,TRUE,Washington,HGA 12.pdf,FALSE,FALSE
Total United States,2093,2010,TRUE,United States,HGA 12.pdf,FALSE,FALSE
Total Idaho,1943,2009,TRUE,Idaho,HGA 13.pdf,FALSE,FALSE
Cascade,1741,2009,FALSE,Oregon,HGA 13.pdf,FALSE,FALSE
Glacier,,2009,FALSE,Oregon,HGA 13.pdf,FALSE,FALSE
Golding,,2009,FALSE,Oregon,HGA 13.pdf,FALSE,FALSE
Millennium,2552,2009,FALSE,Oregon,HGA 13.pdf,FALSE,FALSE
Mt. Hood,1671,2009,FALSE,Oregon,HGA 13.pdf,FALSE,FALSE
Nugget,2548,2009,FALSE,Oregon,HGA 13.pdf,FALSE,FALSE
Sterling,1684,2009,FALSE,Oregon,HGA 13.pdf,FALSE,FALSE
Super Galena,,2009,FALSE,Oregon,HGA 13.pdf,FALSE,TRUE
Willamette,1561,2009,FALSE,Oregon,HGA 13.pdf,FALSE,FALSE
Other,1601,2009,FALSE,Oregon,HGA 13.pdf,FALSE,FALSE
Total Oregon,1948,2009,TRUE,Oregon,HGA 13.pdf,FALSE,FALSE
Ahtanum YCR 1,,2009,FALSE,Washington,HGA 13.pdf,FALSE,FALSE
Apollo,,2009,FALSE,Washington,HGA 13.pdf,FALSE,TRUE
Bravo,,2009,FALSE,Washington,HGA 13.pdf,FALSE,TRUE
Cascade,2120,2009,FALSE,Washington,HGA 13.pdf,FALSE,FALSE
Centennial,1490,2009,FALSE,Washington,HGA 13.pdf,FALSE,FALSE
Chelan,2680,2009,FALSE,Washington,HGA 13.pdf,FALSE,FALSE
Chinook,1819,2009,FALSE,Washington,HGA 13.pdf,FALSE,FALSE
Cluster,2370,2009,FALSE,Washington,HGA 13.pdf,FALSE,FALSE
Columbus/Tomahawk,2790,2009,FALSE,Washington,HGA 13.pdf,FALSE,TRUE
Galena,1852,2009,FALSE,Washington,HGA 13.pdf,FALSE,FALSE
Glacier,2093,2009,FALSE,Washington,HGA 13.pdf,FALSE,FALSE
Golding,826,2009,FALSE,Washington,HGA 13.pdf,FALSE,FALSE
Hallertauer,,2009,FALSE,Washington,HGA 13.pdf,FALSE,FALSE
Millennium,2465,2009,FALSE,Washington,HGA 13.pdf,FALSE,FALSE
Mt. Hood,1570,2009,FALSE,Washington,HGA 13.pdf,FALSE,FALSE
Northern Brewer,753,2009,FALSE,Washington,HGA 13.pdf,FALSE,FALSE
Nugget,2060,2009,FALSE,Washington,HGA 13.pdf,FALSE,FALSE
Simcoe YCR 14,2137,2009,FALSE,Washington,HGA 13.pdf,FALSE,TRUE
Sterling,,2009,FALSE,Washington,HGA 13.pdf,FALSE,FALSE
Summit,,2009,FALSE,Washington,HGA 13.pdf,FALSE,TRUE
Super Galena,3186,2009,FALSE,Washington,HGA 13.pdf,FALSE,TRUE
Vanguard,,2009,FALSE,Washington,HGA 13.pdf,FALSE,FALSE
Willamette,1455,2009,FALSE,Washington,HGA 13.pdf,FALSE,FALSE
Palisade YCR 4,2756,2009,FALSE,Washington,HGA 13.pdf,FALSE,TRUE
Warrior YCR 5,2110,2009,FALSE,Washington,HGA 13.pdf,FALSE,TRUE
Zeus,3387,2009,FALSE,Washington,HGA 13.pdf,FALSE,FALSE
Other,1567,2009,FALSE,Washington,HGA 13.pdf,FALSE,FALSE
Total Washington,2533,2009,TRUE,Washington,HGA 13.pdf,FALSE,FALSE
Total United States,2383,2009,TRUE,United States,HGA 13.pdf,FALSE,FALSE
Total Idaho,1841,2008,TRUE,Idaho,HGA 14.pdf,FALSE,FALSE
Cascade,1068,2008,FALSE,Oregon,HGA 14.pdf,FALSE,FALSE
Glacier,,2008,FALSE,Oregon,HGA 14.pdf,FALSE,FALSE
Golding,1307,2008,FALSE,Oregon,HGA 14.pdf,FALSE,FALSE
Millennium,2179,2008,FALSE,Oregon,HGA 14.pdf,FALSE,FALSE
Mt. Hood,1552,2008,FALSE,Oregon,HGA 14.pdf,FALSE,FALSE
Nugget,1758,2008,FALSE,Oregon,HGA 14.pdf,FALSE,FALSE
Perle,,2008,FALSE,Oregon,HGA 14.pdf,FALSE,FALSE
Sterling,1667,2008,FALSE,Oregon,HGA 14.pdf,FALSE,FALSE
Willamette,1539,2008,FALSE,Oregon,HGA 14.pdf,FALSE,FALSE
Other,992,2008,FALSE,Oregon,HGA 14.pdf,FALSE,FALSE
Total Oregon,1569,2008,TRUE,Oregon,HGA 14.pdf,FALSE,FALSE
Ahtanum YCR 1,,2008,FALSE,Washington,HGA 14.pdf,FALSE,FALSE
Apollo,,2008,FALSE,Washington,HGA 14.pdf,FALSE,TRUE
Bravo,,2008,FALSE,Washington,HGA 14.pdf,FALSE,TRUE
Cascade,1781,2008,FALSE,Washington,HGA 14.pdf,FALSE,FALSE
Centennial,1452,2008,FALSE,Washington,HGA 14.pdf,FALSE,FALSE
Chelan,2178,2008,FALSE,Washington,HGA 14.pdf,FALSE,FALSE
Chinook,1775,2008,FALSE,Washington,HGA 14.pdf,FALSE,FALSE
Cluster,2038,2008,FALSE,Washington,HGA 14.pdf,FALSE,FALSE
Columbus/Tomahawk,2585,2008,FALSE,Washington,HGA 14.pdf,FALSE,TRUE
Galena,1826,2008,FALSE,Washington,HGA 14.pdf,FALSE,FALSE
Glacier,1795,2008,FALSE,Washington,HGA 14.pdf,FALSE,FALSE
Golding,1385,2008,FALSE,Washington,HGA 14.pdf,FALSE,FALSE
Hallertauer,,2008,FALSE,Washington,HGA 14.pdf,FALSE,FALSE
Millennium,2440,2008,FALSE,Washington,HGA 14.pdf,FALSE,FALSE
Mt. Hood,1572,2008,FALSE,Washington,HGA 14.pdf,FALSE,FALSE
Northern Brewer,,2008,FALSE,Washington,HGA 14.pdf,FALSE,FALSE
Nugget,2068,2008,FALSE,Washington,HGA 14.pdf,FALSE,FALSE
Perle,,2008,FALSE,Washington,HGA 14.pdf,FALSE,FALSE
Simcoe YCR 14,1758,2008,FALSE,Washington,HGA 14.pdf,FALSE,TRUE
Sterling,,2008,FALSE,Washington,HGA 14.pdf,FALSE,FALSE
Summit,,2008,FALSE,Washington,HGA 14.pdf,FALSE,TRUE
Super Galena,2104,2008,FALSE,Washington,HGA 14.pdf,FALSE,TRUE
Vanguard,,2008,FALSE,Washington,HGA 14.pdf,FALSE,FALSE
Willamette,1351,2008,FALSE,Washington,HGA 14.pdf,FALSE,FALSE
Palisade YCR 4,2091,2008,FALSE,Washington,HGA 14.pdf,FALSE,TRUE
Warrior YCR 5,1846,2008,FALSE,Washington,HGA 14.pdf,FALSE,TRUE
Zeus,2618,2008,FALSE,Washington,HGA 14.pdf,FALSE,FALSE
Other,,2008,FALSE,Washington,HGA 14.pdf,FALSE,FALSE
Total Washington,2072,2008,TRUE,Washington,HGA 14.pdf,FALSE,FALSE
Total United States,1971,2008,TRUE,United States,HGA 14.pdf,FALSE,FALSE
Total Idaho,1417,2007,TRUE,Idaho,HGA 15.pdf,FALSE,FALSE
Cascade,,2007,FALSE,Oregon,HGA 15.pdf,FALSE,FALSE
Glacier,,2007,FALSE,Oregon,HGA 15.pdf,FALSE,FALSE
Golding,1403,2007,FALSE,Oregon,HGA 15.pdf,FALSE,FALSE
Millennium,2323,2007,FALSE,Oregon,HGA 15.pdf,FALSE,FALSE
Mt. Hood,1640,2007,FALSE,Oregon,HGA 15.pdf,FALSE,FALSE
Nugget,2231,2007,FALSE,Oregon,HGA 15.pdf,FALSE,FALSE
Perle,,2007,FALSE,Oregon,HGA 15.pdf,FALSE,FALSE
Sterling,1665,2007,FALSE,Oregon,HGA 15.pdf,FALSE,FALSE
Willamette,1577,2007,FALSE,Oregon,HGA 15.pdf,FALSE,FALSE
Other,1416,2007,FALSE,Oregon,HGA 15.pdf,FALSE,FALSE
Total Oregon,1811,2007,TRUE,Oregon,HGA 15.pdf,FALSE,FALSE
Ahtanum YCR 1,1964,2007,FALSE,Washington,HGA 15.pdf,FALSE,FALSE
Cascade,2031,2007,FALSE,Washington,HGA 15.pdf,FALSE,FALSE
Centennial,,2007,FALSE,Washington,HGA 15.pdf,FALSE,FALSE
Chelan,2364,2007,FALSE,Washington,HGA 15.pdf,FALSE,FALSE
Chinook,1818,2007,FALSE,Washington,HGA 15.pdf,FALSE,FALSE
Cluster,2030,2007,FALSE,Washington,HGA 15.pdf,FALSE,FALSE
Columbus/Tomahawk,2533,2007,FALSE,Washington,HGA 15.pdf,FALSE,TRUE
Galena,1776,2007,FALSE,Washington,HGA 15.pdf,FALSE,FALSE
Glacier,1619,2007,FALSE,Washington,HGA 15.pdf,FALSE,FALSE
Golding,1500,2007,FALSE,Washington,HGA 15.pdf,FALSE,FALSE
Hallertauer,763,2007,FALSE,Washington,HGA 15.pdf,FALSE,FALSE
Millennium,2350,2007,FALSE,Washington,HGA 15.pdf,FALSE,FALSE
Mt. Hood,1316,2007,FALSE,Washington,HGA 15.pdf,FALSE,FALSE
Northern Brewer,,2007,FALSE,Washington,HGA 15.pdf,FALSE,FALSE
Nugget,1909,2007,FALSE,Washington,HGA 15.pdf,FALSE,FALSE
Perle,,2007,FALSE,Washington,HGA 15.pdf,FALSE,FALSE
Sterling,,2007,FALSE,Washington,HGA 15.pdf,FALSE,FALSE
Summit,1822,2007,FALSE,Washington,HGA 15.pdf,FALSE,TRUE
Vanguard,1470,2007,FALSE,Washington,HGA 15.pdf,FALSE,FALSE
Willamette,1318,2007,FALSE,Washington,HGA 15.pdf,FALSE,FALSE
Palisade YCR 4,2519,2007,FALSE,Washington,HGA 15.pdf,FALSE,TRUE
Warrior YCR 5,1903,2007,FALSE,Washington,HGA 15.pdf,FALSE,TRUE
Zeus,2839,2007,FALSE,Washington,HGA 15.pdf,FALSE,FALSE
Other,1355,2007,FALSE,Washington,HGA 15.pdf,FALSE,FALSE
Total Washington,2049,2007,TRUE,Washington,HGA 15.pdf,FALSE,FALSE
Total United States,1949,2007,TRUE,United States,HGA 15.pdf,FALSE,FALSE
Total Idaho,1613,2006,TRUE,Idaho,HGA 16.pdf,FALSE,FALSE
Cascade,,2006,FALSE,Oregon,HGA 16.pdf,FALSE,FALSE
Glacier,,2006,FALSE,Oregon,HGA 16.pdf,FALSE,FALSE
Golding,1744,2006,FALSE,Oregon,HGA 16.pdf,FALSE,FALSE
Millennium,2884,2006,FALSE,Oregon,HGA 16.pdf,FALSE,FALSE
Mt. Hood,2200,2006,FALSE,Oregon,HGA 16.pdf,FALSE,FALSE
Nugget,2303,2006,FALSE,Oregon,HGA 16.pdf,FALSE,FALSE
Perle,,2006,FALSE,Oregon,HGA 16.pdf,FALSE,FALSE
Sterling,2672,2006,FALSE,Oregon,HGA 16.pdf,FALSE,FALSE
Willamette,1459,2006,FALSE,Oregon,HGA 16.pdf,FALSE,FALSE
Other Varieties,882,2006,FALSE,Oregon,HGA 16.pdf,FALSE,FALSE
Total Oregon,1760,2006,TRUE,Oregon,HGA 16.pdf,FALSE,FALSE
Ahtanum YCR 1,2110,2006,FALSE,Washington,HGA 16.pdf,FALSE,FALSE
Cascade,1954,2006,FALSE,Washington,HGA 16.pdf,FALSE,FALSE
Centennial,,2006,FALSE,Washington,HGA 16.pdf,FALSE,FALSE
Chelan,2187,2006,FALSE,Washington,HGA 16.pdf,FALSE,FALSE
Chinook,1871,2006,FALSE,Washington,HGA 16.pdf,FALSE,FALSE
Cluster,2184,2006,FALSE,Washington,HGA 16.pdf,FALSE,FALSE
Columbus/Tomahawk,2660,2006,FALSE,Washington,HGA 16.pdf,FALSE,FALSE
Galena,1820,2006,FALSE,Washington,HGA 16.pdf,FALSE,FALSE
Glacier,1441,2006,FALSE,Washington,HGA 16.pdf,FALSE,FALSE
Golding,992,2006,FALSE,Washington,HGA 16.pdf,FALSE,FALSE
Hallertauer,812,2006,FALSE,Washington,HGA 16.pdf,FALSE,FALSE
Millennium,2324,2006,FALSE,Washington,HGA 16.pdf,FALSE,FALSE
Mt. Hood,1109,2006,FALSE,Washington,HGA 16.pdf,FALSE,FALSE
Northern Brewer,,2006,FALSE,Washington,HGA 16.pdf,FALSE,FALSE
Nugget,1841,2006,FALSE,Washington,HGA 16.pdf,FALSE,FALSE
Perle,,2006,FALSE,Washington,HGA 16.pdf,FALSE,FALSE
Sterling,1419,2006,FALSE,Washington,HGA 16.pdf,FALSE,FALSE
Summit,1864,2006,FALSE,Washington,HGA 16.pdf,FALSE,TRUE
Willamette,1222,2006,FALSE,Washington,HGA 16.pdf,FALSE,FALSE
Palisade YCR 4,2998,2006,FALSE,Washington,HGA 16.pdf,FALSE,TRUE
Warrior YCR 5,2159,2006,FALSE,Washington,HGA 16.pdf,TRUE,FALSE
Zeus,2962,2006,FALSE,Washington,HGA 16.pdf,FALSE,FALSE
Other,1775,2006,FALSE,Washington,HGA 16.pdf,FALSE,FALSE
Total Washington,2058,2006,TRUE,Washington,HGA 16.pdf,FALSE,FALSE
Total United States,1964,2006,TRUE,United States,HGA 16.pdf,FALSE,FALSE
Amarillo VGXP01,2009,2018,FALSE,Idaho,HGA 168.pdf,FALSE,TRUE
Apollo,1951,2018,FALSE,Idaho,HGA 168.pdf,TRUE,FALSE
Bravo,2226,2018,FALSE,Idaho,HGA 168.pdf,TRUE,FALSE
Calypso,2138,2018,FALSE,Idaho,HGA 168.pdf,TRUE,FALSE
Cascade,1716,2018,FALSE,Idaho,HGA 168.pdf,FALSE,FALSE
Centennial,,2018,FALSE,Idaho,HGA 168.pdf,FALSE,FALSE
Chinook,1873,2018,FALSE,Idaho,HGA 168.pdf,FALSE,FALSE
Citra HBC 394,1415,2018,FALSE,Idaho,HGA 168.pdf,FALSE,TRUE
Cluster,2126,2018,FALSE,Idaho,HGA 168.pdf,FALSE,FALSE
Crystal,1927,2018,FALSE,Idaho,HGA 168.pdf,FALSE,FALSE
El Dorado,1463,2018,FALSE,Idaho,HGA 168.pdf,FALSE,TRUE
Eureka!,2299,2018,FALSE,Idaho,HGA 168.pdf,TRUE,FALSE
Galena,1715,2018,FALSE,Idaho,HGA 168.pdf,FALSE,FALSE
Mosaic HBC 369,2333,2018,FALSE,Idaho,HGA 168.pdf,FALSE,TRUE
Simcoe YCR 14,1245,2018,FALSE,Idaho,HGA 168.pdf,FALSE,TRUE
Super Galena,2493,2018,FALSE,Idaho,HGA 168.pdf,TRUE,FALSE
Willamette,,2018,FALSE,Idaho,HGA 168.pdf,FALSE,FALSE
Zeus,2764,2018,FALSE,Idaho,HGA 168.pdf,FALSE,FALSE
Experimental,,2018,FALSE,Idaho,HGA 168.pdf,FALSE,FALSE
Other Varieties,1845,2018,FALSE,Idaho,HGA 168.pdf,FALSE,FALSE
Total Idaho,1995,2018,TRUE,Idaho,HGA 168.pdf,FALSE,FALSE
Cascade,1623,2018,FALSE,Oregon,HGA 168.pdf,FALSE,FALSE
Centennial,1277,2018,FALSE,Oregon,HGA 168.pdf,FALSE,FALSE
Chinook,1674,2018,FALSE,Oregon,HGA 168.pdf,FALSE,FALSE
Citra HBC 394,1600,2018,FALSE,Oregon,HGA 168.pdf,FALSE,TRUE
Crystal,1819,2018,FALSE,Oregon,HGA 168.pdf,FALSE,FALSE
Fuggle,1034,2018,FALSE,Oregon,HGA 168.pdf,FALSE,FALSE
Golding,1160,2018,FALSE,Oregon,HGA 168.pdf,FALSE,FALSE
Liberty,,2018,FALSE,Oregon,HGA 168.pdf,FALSE,FALSE
Magnum,1284,2018,FALSE,Oregon,HGA 168.pdf,FALSE,FALSE
Mosaic HBC 369,,2018,FALSE,Oregon,HGA 168.pdf,FALSE,TRUE
Mt. Hood,1411,2018,FALSE,Oregon,HGA 168.pdf,FALSE,FALSE
Nugget,1946,2018,FALSE,Oregon,HGA 168.pdf,FALSE,FALSE
Perle,1093,2018,FALSE,Oregon,HGA 168.pdf,FALSE,FALSE
Simcoe YCR 14,1588,2018,FALSE,Oregon,HGA 168.pdf,FALSE,TRUE
Sterling,1760,2018,FALSE,Oregon,HGA 168.pdf,FALSE,FALSE
Super Galena,2216,2018,FALSE,Oregon,HGA 168.pdf,TRUE,FALSE
Tettnanger,1027,2018,FALSE,Oregon,HGA 168.pdf,FALSE,FALSE
Willamette,1484,2018,FALSE,Oregon,HGA 168.pdf,FALSE,FALSE
Other Varieties,2068,2018,FALSE,Oregon,HGA 168.pdf,FALSE,FALSE
Total Oregon,1675,2018,TRUE,Oregon,HGA 168.pdf,FALSE,FALSE
Ahtanum YCR 1,2730,2018,FALSE,Washington,HGA 168.pdf,TRUE,TRUE
Amarillo VGXP01,1868,2018,FALSE,Washington,HGA 168.pdf,FALSE,TRUE
Apollo,2848,2018,FALSE,Washington,HGA 168.pdf,TRUE,FALSE
Azacca ADHA-483,2491,2018,FALSE,Washington,HGA 168.pdf,TRUE,FALSE
Bravo,2671,2018,FALSE,Washington,HGA 168.pdf,TRUE,FALSE
Cascade,1972,2018,FALSE,Washington,HGA 168.pdf,FALSE,FALSE
Cashmere,1519,2018,FALSE,Washington,HGA 168.pdf,FALSE,FALSE
Centennial,1364,2018,FALSE,Washington,HGA 168.pdf,FALSE,FALSE
Chinook,1875,2018,FALSE,Washington,HGA 168.pdf,FALSE,FALSE
Citra HBC 394,1611,2018,FALSE,Washington,HGA 168.pdf,FALSE,TRUE
Cluster,1813,2018,FALSE,Washington,HGA 168.pdf,FALSE,FALSE
Columbus/Tomahawk,2482,2018,FALSE,Washington,HGA 168.pdf,FALSE,TRUE
Comet,1750,2018,FALSE,Washington,HGA 168.pdf,FALSE,FALSE
Crystal,2357,2018,FALSE,Washington,HGA 168.pdf,FALSE,FALSE
Ekuanot HBC 366,2583,2018,FALSE,Washington,HGA 168.pdf,TRUE,FALSE
El Dorado,1880,2018,FALSE,Washington,HGA 168.pdf,FALSE,TRUE
Eureka!,2954,2018,FALSE,Washington,HGA 168.pdf,TRUE,FALSE
Galena,2149,2018,FALSE,Washington,HGA 168.pdf,FALSE,FALSE
Glacier,,2018,FALSE,Washington,HGA 168.pdf,FALSE,FALSE
Golding,,2018,FALSE,Washington,HGA 168.pdf,FALSE,FALSE
Jarrylo ADHA-881,,2018,FALSE,Washington,HGA 168.pdf,TRUE,FALSE
Loral HBC 291,2349,2018,FALSE,Washington,HGA 168.pdf,TRUE,FALSE
Magnum,,2018,FALSE,Washington,HGA 168.pdf,FALSE,FALSE
Millennium,,2018,FALSE,Washington,HGA 168.pdf,FALSE,FALSE
Mosaic HBC 369,2351,2018,FALSE,Washington,HGA 168.pdf,FALSE,TRUE
Mt. Hood,1454,2018,FALSE,Washington,HGA 168.pdf,FALSE,FALSE
Mt. Rainier,1899,2018,FALSE,Washington,HGA 168.pdf,FALSE,TRUE
Northern Brewer,,2018,FALSE,Washington,HGA 168.pdf,FALSE,FALSE
Nugget,1498,2018,FALSE,Washington,HGA 168.pdf,FALSE,FALSE
Pahto HBC 682,2087,2018,FALSE,Washington,HGA 168.pdf,TRUE,FALSE
Palisade YCR 4,2441,2018,FALSE,Washington,HGA 168.pdf,FALSE,TRUE
Pekko ADHA-871,1889,2018,FALSE,Washington,HGA 168.pdf,TRUE,FALSE
Simcoe YCR 14,1642,2018,FALSE,Washington,HGA 168.pdf,FALSE,TRUE
Sorachi Ace,1042,2018,FALSE,Washington,HGA 168.pdf,FALSE,FALSE
Summit,1826,2018,FALSE,Washington,HGA 168.pdf,TRUE,FALSE
Super Galena,3133,2018,FALSE,Washington,HGA 168.pdf,TRUE,FALSE
Tahoma,2147,2018,FALSE,Washington,HGA 168.pdf,FALSE,FALSE
Tettnanger,,2018,FALSE,Washington,HGA 168.pdf,FALSE,FALSE
Vanguard,,2018,FALSE,Washington,HGA 168.pdf,FALSE,FALSE
Warrior YCR 5,,2018,FALSE,Washington,HGA 168.pdf,FALSE,TRUE
Willamette,1348,2018,FALSE,Washington,HGA 168.pdf,FALSE,FALSE
Zeus,2619,2018,FALSE,Washington,HGA 168.pdf,FALSE,FALSE
Experimental,1889,2018,FALSE,Washington,HGA 168.pdf,FALSE,FALSE
Other Varieties,1896,2018,FALSE,Washington,HGA 168.pdf,FALSE,FALSE
Total Washington,1984,2018,TRUE,Washington,HGA 168.pdf,FALSE,FALSE
Total Pacific Northwest,1943,2018,TRUE,Pacific Northwest,HGA 168.pdf,FALSE,FALSE
Chinook,,2005,FALSE,Idaho,HGA 17.pdf,FALSE,FALSE
Cluster,,2005,FALSE,Idaho,HGA 17.pdf,FALSE,FALSE
Galena,,2005,FALSE,Idaho,HGA 17.pdf,FALSE,FALSE
Mt. Hood,,2005,FALSE,Idaho,HGA 17.pdf,FALSE,FALSE
Nugget,,2005,FALSE,Idaho,HGA 17.pdf,FALSE,FALSE
Willamette,,2005,FALSE,Idaho,HGA 17.pdf,FALSE,FALSE
Zeus,,2005,FALSE,Idaho,HGA 17.pdf,FALSE,FALSE
Other Varieties,,2005,FALSE,Idaho,HGA 17.pdf,FALSE,FALSE
Total Idaho,1640,2005,TRUE,Idaho,HGA 17.pdf,FALSE,FALSE
Cascade,1365,2005,FALSE,Oregon,HGA 17.pdf,FALSE,FALSE
Glacier,1330,2005,FALSE,Oregon,HGA 17.pdf,FALSE,FALSE
Golding,1017,2005,FALSE,Oregon,HGA 17.pdf,FALSE,FALSE
Millennium,1876,2005,FALSE,Oregon,HGA 17.pdf,FALSE,FALSE
Mt. Hood,1414,2005,FALSE,Oregon,HGA 17.pdf,FALSE,FALSE
Nugget,2046,2005,FALSE,Oregon,HGA 17.pdf,FALSE,FALSE
Perle,,2005,FALSE,Oregon,HGA 17.pdf,FALSE,FALSE
Sterling,1451,2005,FALSE,Oregon,HGA 17.pdf,FALSE,FALSE
Willamette,1385,2005,FALSE,Oregon,HGA 17.pdf,FALSE,FALSE
Other Varieties,1048,2005,FALSE,Oregon,HGA 17.pdf,FALSE,FALSE
Total Oregon,1560,2005,TRUE,Oregon,HGA 17.pdf,FALSE,FALSE
Ahtanum YCR 1,758,2005,FALSE,Washington,HGA 17.pdf,FALSE,FALSE
Cascade,2036,2005,FALSE,Washington,HGA 17.pdf,FALSE,FALSE
Centennial,1375,2005,FALSE,Washington,HGA 17.pdf,FALSE,FALSE
Chelan,2244,2005,FALSE,Washington,HGA 17.pdf,FALSE,FALSE
Chinook,1844,2005,FALSE,Washington,HGA 17.pdf,FALSE,FALSE
Cluster,1782,2005,FALSE,Washington,HGA 17.pdf,FALSE,FALSE
Columbus/Tomahawk,2516,2005,FALSE,Washington,HGA 17.pdf,FALSE,FALSE
Galena,1737,2005,FALSE,Washington,HGA 17.pdf,FALSE,FALSE
Glacier,1063,2005,FALSE,Washington,HGA 17.pdf,FALSE,FALSE
Golding,886,2005,FALSE,Washington,HGA 17.pdf,FALSE,FALSE
Hallertauer,967,2005,FALSE,Washington,HGA 17.pdf,FALSE,FALSE
Horizon,,2005,FALSE,Washington,HGA 17.pdf,FALSE,FALSE
Millennium,1908,2005,FALSE,Washington,HGA 17.pdf,FALSE,FALSE
Mt. Hood,1267,2005,FALSE,Washington,HGA 17.pdf,FALSE,FALSE
Northern Brewer,,2005,FALSE,Washington,HGA 17.pdf,FALSE,FALSE
Nugget,1727,2005,FALSE,Washington,HGA 17.pdf,FALSE,FALSE
Palisade YCR 4,2759,2005,FALSE,Washington,HGA 17.pdf,FALSE,FALSE
Perle,,2005,FALSE,Washington,HGA 17.pdf,FALSE,FALSE
Sterling,1527,2005,FALSE,Washington,HGA 17.pdf,FALSE,FALSE
Tillicum,,2005,FALSE,Washington,HGA 17.pdf,FALSE,FALSE
Willamette,1333,2005,FALSE,Washington,HGA 17.pdf,FALSE,FALSE
Warrior YCR 5,1830,2005,FALSE,Washington,HGA 17.pdf,TRUE,FALSE
Zeus,2255,2005,FALSE,Washington,HGA 17.pdf,FALSE,FALSE
Other,1576,2005,FALSE,Washington,HGA 17.pdf,FALSE,FALSE
Total Washington,1871,2005,TRUE,Washington,HGA 17.pdf,FALSE,FALSE
Total United States,1791,2005,TRUE,United States,HGA 17.pdf,FALSE,FALSE
Chinook,,2004,FALSE,Idaho,HGA 18.pdf,FALSE,FALSE
Cluster,,2004,FALSE,Idaho,HGA 18.pdf,FALSE,FALSE
Galena,,2004,FALSE,Idaho,HGA 18.pdf,FALSE,FALSE
Mt. Hood,,2004,FALSE,Idaho,HGA 18.pdf,FALSE,FALSE
Nugget,,2004,FALSE,Idaho,HGA 18.pdf,FALSE,FALSE
Willamette,,2004,FALSE,Idaho,HGA 18.pdf,FALSE,FALSE
Zeus,,2004,FALSE,Idaho,HGA 18.pdf,FALSE,FALSE
Other Varieties,,2004,FALSE,Idaho,HGA 18.pdf,FALSE,FALSE
Total Idaho,1588,2004,TRUE,Idaho,HGA 18.pdf,FALSE,FALSE
Cascade,1393,2004,FALSE,Oregon,HGA 18.pdf,FALSE,FALSE
Glacier,1521,2004,FALSE,Oregon,HGA 18.pdf,FALSE,FALSE
Golding,1309,2004,FALSE,Oregon,HGA 18.pdf,FALSE,FALSE
Liberty,,2004,FALSE,Oregon,HGA 18.pdf,FALSE,FALSE
Millennium,2030,2004,FALSE,Oregon,HGA 18.pdf,FALSE,FALSE
Mt. Hood,1620,2004,FALSE,Oregon,HGA 18.pdf,FALSE,FALSE
Nugget,2229,2004,FALSE,Oregon,HGA 18.pdf,FALSE,FALSE
Perle,1327,2004,FALSE,Oregon,HGA 18.pdf,FALSE,FALSE
Sterling,1209,2004,FALSE,Oregon,HGA 18.pdf,FALSE,FALSE
Willamette,1507,2004,FALSE,Oregon,HGA 18.pdf,FALSE,FALSE
Other Varieties,1370,2004,FALSE,Oregon,HGA 18.pdf,FALSE,FALSE
Total Oregon,1686,2004,TRUE,Oregon,HGA 18.pdf,FALSE,FALSE
Cascade,2006,2004,FALSE,Washington,HGA 18.pdf,FALSE,FALSE
Chelan,2482,2004,FALSE,Washington,HGA 18.pdf,FALSE,FALSE
Chinook,1900,2004,FALSE,Washington,HGA 18.pdf,FALSE,FALSE
Cluster,2034,2004,FALSE,Washington,HGA 18.pdf,FALSE,FALSE
Columbus/Tomahawk,2557,2004,FALSE,Washington,HGA 18.pdf,FALSE,FALSE
Galena,1860,2004,FALSE,Washington,HGA 18.pdf,FALSE,FALSE
Golding,989,2004,FALSE,Washington,HGA 18.pdf,FALSE,FALSE
Hallertauer,1057,2004,FALSE,Washington,HGA 18.pdf,FALSE,FALSE
Horizon,,2004,FALSE,Washington,HGA 18.pdf,FALSE,FALSE
Magnum,,2004,FALSE,Washington,HGA 18.pdf,FALSE,FALSE
Millennium,2339,2004,FALSE,Washington,HGA 18.pdf,FALSE,FALSE
Mt. Hood,1387,2004,FALSE,Washington,HGA 18.pdf,FALSE,FALSE
Northern Brewer,2191,2004,FALSE,Washington,HGA 18.pdf,FALSE,FALSE
Nugget,2073,2004,FALSE,Washington,HGA 18.pdf,FALSE,FALSE
Perle,1245,2004,FALSE,Washington,HGA 18.pdf,FALSE,FALSE
Tettnanger,,2004,FALSE,Washington,HGA 18.pdf,FALSE,FALSE
Tillicum,,2004,FALSE,Washington,HGA 18.pdf,FALSE,FALSE
Vanguard,,2004,FALSE,Washington,HGA 18.pdf,FALSE,FALSE
Willamette,1411,2004,FALSE,Washington,HGA 18.pdf,FALSE,FALSE
Warrior YCR 5,2300,2004,FALSE,Washington,HGA 18.pdf,TRUE,FALSE
Zeus,3125,2004,FALSE,Washington,HGA 18.pdf,FALSE,FALSE
Other Alpha,,2004,FALSE,Washington,HGA 18.pdf,FALSE,FALSE
Other Aroma,,2004,FALSE,Washington,HGA 18.pdf,FALSE,FALSE
Other,1641,2004,FALSE,Washington,HGA 18.pdf,FALSE,FALSE
Total Washington,2137,2004,TRUE,Washington,HGA 18.pdf,FALSE,FALSE
Total United States,1990,2004,TRUE,United States,HGA 18.pdf,FALSE,FALSE
Chinook,,2003,FALSE,Idaho,HGA 19.pdf,FALSE,FALSE
Cluster,,2003,FALSE,Idaho,HGA 19.pdf,FALSE,FALSE
Galena,,2003,FALSE,Idaho,HGA 19.pdf,FALSE,FALSE
Mt. Hood,,2003,FALSE,Idaho,HGA 19.pdf,FALSE,FALSE
Nugget,,2003,FALSE,Idaho,HGA 19.pdf,FALSE,FALSE
Willamette,,2003,FALSE,Idaho,HGA 19.pdf,FALSE,FALSE
Zeus,,2003,FALSE,Idaho,HGA 19.pdf,FALSE,FALSE
Other Varieties,,2003,FALSE,Idaho,HGA 19.pdf,FALSE,FALSE
Total Idaho,1536,2003,TRUE,Idaho,HGA 19.pdf,FALSE,FALSE
Cascade,,2003,FALSE,Oregon,HGA 19.pdf,FALSE,FALSE
Glacier,677,2003,FALSE,Oregon,HGA 19.pdf,FALSE,FALSE
Golding,996,2003,FALSE,Oregon,HGA 19.pdf,FALSE,FALSE
Liberty,,2003,FALSE,Oregon,HGA 19.pdf,FALSE,FALSE
Millennium,,2003,FALSE,Oregon,HGA 19.pdf,FALSE,FALSE
Mt. Hood,1569,2003,FALSE,Oregon,HGA 19.pdf,FALSE,FALSE
Nugget,2169,2003,FALSE,Oregon,HGA 19.pdf,FALSE,FALSE
Perle,1026,2003,FALSE,Oregon,HGA 19.pdf,FALSE,FALSE
Sterling,2005,2003,FALSE,Oregon,HGA 19.pdf,FALSE,FALSE
Willamette,1369,2003,FALSE,Oregon,HGA 19.pdf,FALSE,FALSE
Other Varieties,1942,2003,FALSE,Oregon,HGA 19.pdf,FALSE,FALSE
Total Oregon,1626,2003,TRUE,Oregon,HGA 19.pdf,FALSE,FALSE
Cascade,1808,2003,FALSE,Washington,HGA 19.pdf,FALSE,FALSE
Chelan,2545,2003,FALSE,Washington,HGA 19.pdf,FALSE,FALSE
Chinook,1903,2003,FALSE,Washington,HGA 19.pdf,FALSE,FALSE
Cluster,2003,2003,FALSE,Washington,HGA 19.pdf,FALSE,FALSE
Columbus/Tomahawk,2745,2003,FALSE,Washington,HGA 19.pdf,FALSE,FALSE
Galena,1914,2003,FALSE,Washington,HGA 19.pdf,FALSE,FALSE
Golding,1118,2003,FALSE,Washington,HGA 19.pdf,FALSE,FALSE
Hallertauer,885,2003,FALSE,Washington,HGA 19.pdf,FALSE,FALSE
Horizon,1430,2003,FALSE,Washington,HGA 19.pdf,FALSE,FALSE
Magnum,,2003,FALSE,Washington,HGA 19.pdf,FALSE,FALSE
Millennium,2267,2003,FALSE,Washington,HGA 19.pdf,FALSE,FALSE
Mt. Hood,1475,2003,FALSE,Washington,HGA 19.pdf,FALSE,FALSE
Northern Brewer,1755,2003,FALSE,Washington,HGA 19.pdf,FALSE,FALSE
Nugget,1882,2003,FALSE,Washington,HGA 19.pdf,FALSE,FALSE
Perle,919,2003,FALSE,Washington,HGA 19.pdf,FALSE,FALSE
Tettnanger,,2003,FALSE,Washington,HGA 19.pdf,FALSE,FALSE
Tillicum,2325,2003,FALSE,Washington,HGA 19.pdf,FALSE,FALSE
Vanguard,,2003,FALSE,Washington,HGA 19.pdf,FALSE,FALSE
Willamette,1332,2003,FALSE,Washington,HGA 19.pdf,FALSE,FALSE
Warrior YCR 5,2126,2003,FALSE,Washington,HGA 19.pdf,TRUE,FALSE
Zeus,2904,2003,FALSE,Washington,HGA 19.pdf,FALSE,FALSE
Other Alpha,,2003,FALSE,Washington,HGA 19.pdf,FALSE,FALSE
Other Aroma,,2003,FALSE,Washington,HGA 19.pdf,FALSE,FALSE
Other,1436,2003,FALSE,Washington,HGA 19.pdf,FALSE,FALSE
Total Washington,2050,2003,TRUE,Washington,HGA 19.pdf,FALSE,FALSE
Total United States,1903,2003,TRUE,United States,HGA 19.pdf,FALSE,FALSE
Chinook,,2002,FALSE,Idaho,HGA 20.pdf,FALSE,FALSE
Cluster,,2002,FALSE,Idaho,HGA 20.pdf,FALSE,FALSE
Galena,,2002,FALSE,Idaho,HGA 20.pdf,FALSE,FALSE
Mt. Hood,,2002,FALSE,Idaho,HGA 20.pdf,FALSE,FALSE
Nugget,,2002,FALSE,Idaho,HGA 20.pdf,FALSE,FALSE
Willamette,,2002,FALSE,Idaho,HGA 20.pdf,FALSE,FALSE
Zeus,,2002,FALSE,Idaho,HGA 20.pdf,FALSE,FALSE
Other Varieties,,2002,FALSE,Idaho,HGA 20.pdf,FALSE,FALSE
Total Idaho,1624,2002,TRUE,Idaho,HGA 20.pdf,FALSE,FALSE
Cascade,1477,2002,FALSE,Oregon,HGA 20.pdf,FALSE,FALSE
Fuggle,,2002,FALSE,Oregon,HGA 20.pdf,FALSE,FALSE
Golding,,2002,FALSE,Oregon,HGA 20.pdf,FALSE,FALSE
Liberty,1467,2002,FALSE,Oregon,HGA 20.pdf,FALSE,FALSE
Millennium,1501,2002,FALSE,Oregon,HGA 20.pdf,FALSE,FALSE
Mt. Hood,1729,2002,FALSE,Oregon,HGA 20.pdf,FALSE,FALSE
Nugget,2032,2002,FALSE,Oregon,HGA 20.pdf,FALSE,FALSE
Perle,1163,2002,FALSE,Oregon,HGA 20.pdf,FALSE,FALSE
Santiam,,2002,FALSE,Oregon,HGA 20.pdf,FALSE,FALSE
Sterling,1895,2002,FALSE,Oregon,HGA 20.pdf,FALSE,FALSE
Willamette,1528,2002,FALSE,Oregon,HGA 20.pdf,FALSE,FALSE
Other Varieties,1669,2002,FALSE,Oregon,HGA 20.pdf,FALSE,FALSE
Total Oregon,1692,2002,TRUE,Oregon,HGA 20.pdf,FALSE,FALSE
Cascade,1748,2002,FALSE,Washington,HGA 20.pdf,FALSE,FALSE
Chelan,2211,2002,FALSE,Washington,HGA 20.pdf,FALSE,FALSE
Chinook,1902,2002,FALSE,Washington,HGA 20.pdf,FALSE,FALSE
Cluster,1996,2002,FALSE,Washington,HGA 20.pdf,FALSE,FALSE
Columbus/Tomahawk,2876,2002,FALSE,Washington,HGA 20.pdf,FALSE,FALSE
Galena,1905,2002,FALSE,Washington,HGA 20.pdf,FALSE,FALSE
Golding,1188,2002,FALSE,Washington,HGA 20.pdf,FALSE,FALSE
Hallertauer,1193,2002,FALSE,Washington,HGA 20.pdf,FALSE,FALSE
Horizon,1409,2002,FALSE,Washington,HGA 20.pdf,FALSE,FALSE
Magnum,,2002,FALSE,Washington,HGA 20.pdf,FALSE,FALSE
Millennium,2349,2002,FALSE,Washington,HGA 20.pdf,FALSE,FALSE
Mt. Hood,1272,2002,FALSE,Washington,HGA 20.pdf,FALSE,FALSE
Northern Brewer,,2002,FALSE,Washington,HGA 20.pdf,FALSE,FALSE
Nugget,2095,2002,FALSE,Washington,HGA 20.pdf,FALSE,FALSE
Perle,969,2002,FALSE,Washington,HGA 20.pdf,FALSE,FALSE
Tettnanger,1277,2002,FALSE,Washington,HGA 20.pdf,FALSE,FALSE
Tillicum,2075,2002,FALSE,Washington,HGA 20.pdf,FALSE,FALSE
Vanguard,,2002,FALSE,Washington,HGA 20.pdf,FALSE,FALSE
Willamette,1381,2002,FALSE,Washington,HGA 20.pdf,FALSE,FALSE
Warrior YCR 5,2125,2002,FALSE,Washington,HGA 20.pdf,TRUE,FALSE
Zeus,2993,2002,FALSE,Washington,HGA 20.pdf,FALSE,FALSE
Other Alpha,1619,2002,FALSE,Washington,HGA 20.pdf,FALSE,FALSE
Other Aroma,1340,2002,FALSE,Washington,HGA 20.pdf,FALSE,FALSE
Other,1610,2002,FALSE,Washington,HGA 20.pdf,FALSE,FALSE
Total Washington,2133,2002,TRUE,Washington,HGA 20.pdf,FALSE,FALSE
Total United States,1990,2002,TRUE,United States,HGA 20.pdf,FALSE,FALSE
Cluster,1553,2001,FALSE,Idaho,HGA 21.pdf,FALSE,FALSE
Galena,1492,2001,FALSE,Idaho,HGA 21.pdf,FALSE,FALSE
Horizon,,2001,FALSE,Idaho,HGA 21.pdf,FALSE,FALSE
Mt. Hood,1200,2001,FALSE,Idaho,HGA 21.pdf,FALSE,FALSE
Nugget,1500,2001,FALSE,Idaho,HGA 21.pdf,FALSE,FALSE
Willamette,1077,2001,FALSE,Idaho,HGA 21.pdf,FALSE,FALSE
Zeus,,2001,FALSE,Idaho,HGA 21.pdf,FALSE,FALSE
Other Varieties,1111,2001,FALSE,Idaho,HGA 21.pdf,FALSE,FALSE
Total Idaho,1329,2001,TRUE,Idaho,HGA 21.pdf,FALSE,FALSE
Fuggle,,2001,FALSE,Oregon,HGA 21.pdf,FALSE,FALSE
Golding,,2001,FALSE,Oregon,HGA 21.pdf,FALSE,FALSE
Millennium,2570,2001,FALSE,Oregon,HGA 21.pdf,FALSE,FALSE
Mt. Hood,1970,2001,FALSE,Oregon,HGA 21.pdf,FALSE,FALSE
Nugget,2445,2001,FALSE,Oregon,HGA 21.pdf,FALSE,FALSE
Perle,1355,2001,FALSE,Oregon,HGA 21.pdf,FALSE,FALSE
Santiam,,2001,FALSE,Oregon,HGA 21.pdf,FALSE,FALSE
Sterling,2065,2001,FALSE,Oregon,HGA 21.pdf,FALSE,FALSE
Willamette,1423,2001,FALSE,Oregon,HGA 21.pdf,FALSE,FALSE
Other Varieties,1740,2001,FALSE,Oregon,HGA 21.pdf,FALSE,FALSE
Total Oregon,1875,2001,TRUE,Oregon,HGA 21.pdf,FALSE,FALSE
Cascade,1785,2001,FALSE,Washington,HGA 21.pdf,FALSE,FALSE
Chelan,1809,2001,FALSE,Washington,HGA 21.pdf,FALSE,FALSE
Chinook,1717,2001,FALSE,Washington,HGA 21.pdf,FALSE,FALSE
Cluster,1958,2001,FALSE,Washington,HGA 21.pdf,FALSE,FALSE
Columbus/Tomahawk,2493,2001,FALSE,Washington,HGA 21.pdf,FALSE,FALSE
Galena,1679,2001,FALSE,Washington,HGA 21.pdf,FALSE,FALSE
Golding,1231,2001,FALSE,Washington,HGA 21.pdf,FALSE,FALSE
Hallertauer,968,2001,FALSE,Washington,HGA 21.pdf,FALSE,FALSE
Horizon,1224,2001,FALSE,Washington,HGA 21.pdf,FALSE,FALSE
Magnum,1424,2001,FALSE,Washington,HGA 21.pdf,FALSE,FALSE
Millennium,2037,2001,FALSE,Washington,HGA 21.pdf,FALSE,FALSE
Mt. Hood,1130,2001,FALSE,Washington,HGA 21.pdf,FALSE,FALSE
Nugget,1968,2001,FALSE,Washington,HGA 21.pdf,FALSE,FALSE
Perle,1083,2001,FALSE,Washington,HGA 21.pdf,FALSE,FALSE
Tettnanger,1058,2001,FALSE,Washington,HGA 21.pdf,FALSE,FALSE
Tillicum,1836,2001,FALSE,Washington,HGA 21.pdf,FALSE,FALSE
Vanguard,1372,2001,FALSE,Washington,HGA 21.pdf,FALSE,FALSE
Willamette,1309,2001,FALSE,Washington,HGA 21.pdf,FALSE,FALSE
Warrior YCR 5,1949,2001,FALSE,Washington,HGA 21.pdf,TRUE,FALSE
Zeus,2669,2001,FALSE,Washington,HGA 21.pdf,FALSE,FALSE
High Alpha,2072,2001,FALSE,Washington,HGA 21.pdf,FALSE,FALSE
Alpha,1589,2001,FALSE,Washington,HGA 21.pdf,FALSE,FALSE
Aroma,1378,2001,FALSE,Washington,HGA 21.pdf,FALSE,FALSE
Other,1224,2001,FALSE,Washington,HGA 21.pdf,FALSE,FALSE
Total Washington,1928,2001,TRUE,Washington,HGA 21.pdf,FALSE,FALSE
Total United States,1861,2001,TRUE,United States,HGA 21.pdf,FALSE,FALSE
Chinook,2000,2000,FALSE,Idaho,HGA 22.pdf,FALSE,FALSE
Cluster,1943,2000,FALSE,Idaho,HGA 22.pdf,FALSE,FALSE
Galena,1815,2000,FALSE,Idaho,HGA 22.pdf,FALSE,FALSE
Horizon,,2000,FALSE,Idaho,HGA 22.pdf,FALSE,FALSE
Mt. Hood,2000,2000,FALSE,Idaho,HGA 22.pdf,FALSE,FALSE
Nugget,2000,2000,FALSE,Idaho,HGA 22.pdf,FALSE,FALSE
Willamette,1534,2000,FALSE,Idaho,HGA 22.pdf,FALSE,FALSE
Zeus,,2000,FALSE,Idaho,HGA 22.pdf,FALSE,FALSE
Other Varieties,1100,2000,FALSE,Idaho,HGA 22.pdf,FALSE,FALSE
Total Idaho,1484,2000,TRUE,Idaho,HGA 22.pdf,FALSE,FALSE
Fuggle,1065,2000,FALSE,Oregon,HGA 22.pdf,FALSE,FALSE
Golding,1170,2000,FALSE,Oregon,HGA 22.pdf,FALSE,FALSE
Mt. Hood,1790,2000,FALSE,Oregon,HGA 22.pdf,FALSE,FALSE
Nugget,2162,2000,FALSE,Oregon,HGA 22.pdf,FALSE,FALSE
Perle,1130,2000,FALSE,Oregon,HGA 22.pdf,FALSE,FALSE
Santiam,,2000,FALSE,Oregon,HGA 22.pdf,FALSE,FALSE
Sterling,,2000,FALSE,Oregon,HGA 22.pdf,FALSE,FALSE
Tettnanger,,2000,FALSE,Oregon,HGA 22.pdf,FALSE,FALSE
Willamette,1549,2000,FALSE,Oregon,HGA 22.pdf,FALSE,FALSE
Other Varieties,1843,2000,FALSE,Oregon,HGA 22.pdf,FALSE,FALSE
Total Oregon,1785,2000,TRUE,Oregon,HGA 22.pdf,FALSE,FALSE
Cascade,1806,2000,FALSE,Washington,HGA 22.pdf,FALSE,FALSE
Chinook,1957,2000,FALSE,Washington,HGA 22.pdf,FALSE,FALSE
Cluster,1997,2000,FALSE,Washington,HGA 22.pdf,FALSE,FALSE
Columbus/Tomahawk,2564,2000,FALSE,Washington,HGA 22.pdf,FALSE,FALSE
Eroica,,2000,FALSE,Washington,HGA 22.pdf,FALSE,FALSE
Galena,1891,2000,FALSE,Washington,HGA 22.pdf,FALSE,FALSE
Golding,1098,2000,FALSE,Washington,HGA 22.pdf,FALSE,FALSE
Horizon,1250,2000,FALSE,Washington,HGA 22.pdf,FALSE,FALSE
Magnum,1616,2000,FALSE,Washington,HGA 22.pdf,FALSE,FALSE
Mt. Hood,1147,2000,FALSE,Washington,HGA 22.pdf,FALSE,FALSE
Nugget,1854,2000,FALSE,Washington,HGA 22.pdf,FALSE,FALSE
Olympic,,2000,FALSE,Washington,HGA 22.pdf,FALSE,FALSE
Perle,785,2000,FALSE,Washington,HGA 22.pdf,FALSE,FALSE
Tettnanger,,2000,FALSE,Washington,HGA 22.pdf,FALSE,FALSE
Willamette,1372,2000,FALSE,Washington,HGA 22.pdf,FALSE,FALSE
Zeus,2699,2000,FALSE,Washington,HGA 22.pdf,FALSE,FALSE
High Alpha,1772,2000,FALSE,Washington,HGA 22.pdf,FALSE,FALSE
Alpha,1557,2000,FALSE,Washington,HGA 22.pdf,FALSE,FALSE
Aroma,1134,2000,FALSE,Washington,HGA 22.pdf,FALSE,FALSE
Other,1748,2000,FALSE,Washington,HGA 22.pdf,FALSE,FALSE
Total Washington,1937,2000,TRUE,Washington,HGA 22.pdf,FALSE,FALSE
Total United States,1871,2000,TRUE,United States,HGA 22.pdf,FALSE,FALSE
Amarillo VGXP01,1613,2019,FALSE,Idaho,HGA 273.pdf,FALSE,TRUE
Apollo,,2019,FALSE,Idaho,HGA 273.pdf,FALSE,FALSE
Bravo,,2019,FALSE,Idaho,HGA 273.pdf,TRUE,FALSE
Calypso,1901,2019,FALSE,Idaho,HGA 273.pdf,TRUE,FALSE
Cascade,1823,2019,FALSE,Idaho,HGA 273.pdf,FALSE,FALSE
Centennial,,2019,FALSE,Idaho,HGA 273.pdf,FALSE,FALSE
Chinook,2215,2019,FALSE,Idaho,HGA 273.pdf,FALSE,FALSE
Citra HBC 394,1532,2019,FALSE,Idaho,HGA 273.pdf,FALSE,TRUE
Cluster,,2019,FALSE,Idaho,HGA 273.pdf,FALSE,FALSE
Columbus/Tomahawk/Zeus,3002,2019,FALSE,Idaho,HGA 273.pdf,FALSE,TRUE
Comet,1970,2019,FALSE,Idaho,HGA 273.pdf,FALSE,FALSE
Crystal,1971,2019,FALSE,Idaho,HGA 273.pdf,FALSE,FALSE
El Dorado,1352,2019,FALSE,Idaho,HGA 273.pdf,FALSE,TRUE
Eureka!,2243,2019,FALSE,Idaho,HGA 273.pdf,TRUE,FALSE
Galena,1773,2019,FALSE,Idaho,HGA 273.pdf,FALSE,FALSE
Idaho 7,,2019,FALSE,Idaho,HGA 273.pdf,FALSE,FALSE
Mosaic HBC 369,2296,2019,FALSE,Idaho,HGA 273.pdf,FALSE,TRUE
Saaz,771,2019,FALSE,Idaho,HGA 273.pdf,FALSE,FALSE
Simcoe YCR 14,1164,2019,FALSE,Idaho,HGA 273.pdf,FALSE,TRUE
Super Galena,,2019,FALSE,Idaho,HGA 273.pdf,TRUE,FALSE
Willamette,1695,2019,FALSE,Idaho,HGA 273.pdf,FALSE,FALSE
Zeus,2672,2019,FALSE,Idaho,HGA 273.pdf,FALSE,FALSE
Experimental,,2019,FALSE,Idaho,HGA 273.pdf,FALSE,FALSE
Other Varieties,1907,2019,FALSE,Idaho,HGA 273.pdf,FALSE,FALSE
Total Idaho,2034,2019,TRUE,Idaho,HGA 273.pdf,FALSE,FALSE
Amarillo VGXP01,2208,2019,FALSE,Oregon,HGA 273.pdf,FALSE,TRUE
Cascade,1620,2019,FALSE,Oregon,HGA 273.pdf,FALSE,FALSE
Centennial,1661,2019,FALSE,Oregon,HGA 273.pdf,FALSE,FALSE
Chinook,1733,2019,FALSE,Oregon,HGA 273.pdf,FALSE,FALSE
Citra HBC 394,1476,2019,FALSE,Oregon,HGA 273.pdf,FALSE,TRUE
Crystal,1943,2019,FALSE,Oregon,HGA 273.pdf,FALSE,FALSE
Fuggle,1243,2019,FALSE,Oregon,HGA 273.pdf,FALSE,FALSE
Golding,1351,2019,FALSE,Oregon,HGA 273.pdf,FALSE,FALSE
Hallertau Magnum,,2019,FALSE,Oregon,HGA 273.pdf,FALSE,FALSE
Liberty,,2019,FALSE,Oregon,HGA 273.pdf,FALSE,FALSE
Mosaic HBC 369,2113,2019,FALSE,Oregon,HGA 273.pdf,FALSE,TRUE
Mt. Hood,1538,2019,FALSE,Oregon,HGA 273.pdf,FALSE,FALSE
Nugget,2130,2019,FALSE,Oregon,HGA 273.pdf,FALSE,FALSE
Perle,,2019,FALSE,Oregon,HGA 273.pdf,FALSE,FALSE
Simcoe YCR 14,1845,2019,FALSE,Oregon,HGA 273.pdf,FALSE,TRUE
Sterling,1643,2019,FALSE,Oregon,HGA 273.pdf,FALSE,FALSE
Strata OR 91331,2066,2019,FALSE,Oregon,HGA 273.pdf,TRUE,TRUE
Super Galena,2580,2019,FALSE,Oregon,HGA 273.pdf,TRUE,FALSE
Tettnanger,,2019,FALSE,Oregon,HGA 273.pdf,FALSE,FALSE
Willamette,1717,2019,FALSE,Oregon,HGA 273.pdf,FALSE,FALSE
Other Varieties,1644,2019,FALSE,Oregon,HGA 273.pdf,FALSE,FALSE
Total Oregon,1783,2019,TRUE,Oregon,HGA 273.pdf,FALSE,FALSE
Ahtanum YCR 1,1960,2019,FALSE,Washington,HGA 273.pdf,TRUE,TRUE
Amarillo VGXP01,1946,2019,FALSE,Washington,HGA 273.pdf,FALSE,FALSE
Apollo,2735,2019,FALSE,Washington,HGA 273.pdf,TRUE,FALSE
Azacca ADHA-483,2441,2019,FALSE,Washington,HGA 273.pdf,TRUE,FALSE
Bravo,3216,2019,FALSE,Washington,HGA 273.pdf,TRUE,FALSE
Cascade,1920,2019,FALSE,Washington,HGA 273.pdf,FALSE,FALSE
Cashmere,1699,2019,FALSE,Washington,HGA 273.pdf,FALSE,FALSE
Centennial,1820,2019,FALSE,Washington,HGA 273.pdf,FALSE,FALSE
Chinook,1942,2019,FALSE,Washington,HGA 273.pdf,FALSE,FALSE
Citra HBC 394,1424,2019,FALSE,Washington,HGA 273.pdf,FALSE,TRUE
Cluster,1815,2019,FALSE,Washington,HGA 273.pdf,FALSE,FALSE
Columbus/Tomahawk/Zeus,2584,2019,FALSE,Washington,HGA 273.pdf,FALSE,TRUE
Comet,1311,2019,FALSE,Washington,HGA 273.pdf,FALSE,FALSE
Crystal,1989,2019,FALSE,Washington,HGA 273.pdf,FALSE,FALSE
Ekuanot HBC 366,2483,2019,FALSE,Washington,HGA 273.pdf,TRUE,FALSE
El Dorado,2032,2019,FALSE,Washington,HGA 273.pdf,FALSE,TRUE
Eureka!,3188,2019,FALSE,Washington,HGA 273.pdf,TRUE,FALSE
Galena,2045,2019,FALSE,Washington,HGA 273.pdf,FALSE,FALSE
Glacier,,2019,FALSE,Washington,HGA 273.pdf,FALSE,FALSE
Golding,,2019,FALSE,Washington,HGA 273.pdf,FALSE,FALSE
Hallertau Magnum,,2019,FALSE,Washington,HGA 273.pdf,FALSE,FALSE
Idaho 7,1544,2019,FALSE,Washington,HGA 273.pdf,TRUE,FALSE
Jarrylo ADHA-881,,2019,FALSE,Washington,HGA 273.pdf,TRUE,FALSE
Loral HBC 291,2515,2019,FALSE,Washington,HGA 273.pdf,FALSE,FALSE
Mosaic HBC 369,2054,2019,FALSE,Washington,HGA 273.pdf,FALSE,TRUE
Mt. Hood,1037,2019,FALSE,Washington,HGA 273.pdf,FALSE,FALSE
Mt. Rainier,2149,2019,FALSE,Washington,HGA 273.pdf,FALSE,TRUE
Northern Brewer,,2019,FALSE,Washington,HGA 273.pdf,FALSE,FALSE
Nugget,2313,2019,FALSE,Washington,HGA 273.pdf,FALSE,FALSE
Pahto HBC 682,2398,2019,FALSE,Washington,HGA 273.pdf,FALSE,FALSE
Palisade YCR 4,2520,2019,FALSE,Washington,HGA 273.pdf,FALSE,TRUE
Pekko ADHA-871,,2019,FALSE,Washington,HGA 273.pdf,FALSE,FALSE
Sabro HBC 438,1612,2019,FALSE,Washington,HGA 273.pdf,FALSE,FALSE
Simcoe YCR 14,1788,2019,FALSE,Washington,HGA 273.pdf,FALSE,TRUE
Sorachi Ace,,2019,FALSE,Washington,HGA 273.pdf,FALSE,FALSE
Summit,1816,2019,FALSE,Washington,HGA 273.pdf,TRUE,FALSE
Super Galena,2871,2019,FALSE,Washington,HGA 273.pdf,TRUE,FALSE
Tahoma,1958,2019,FALSE,Washington,HGA 273.pdf,FALSE,FALSE
Tettnanger,,2019,FALSE,Washington,HGA 273.pdf,FALSE,FALSE
Vanguard,,2019,FALSE,Washington,HGA 273.pdf,FALSE,FALSE
Willamette,1596,2019,FALSE,Washington,HGA 273.pdf,FALSE,FALSE
Zeus,2620,2019,FALSE,Washington,HGA 273.pdf,FALSE,FALSE
Experimental,2251,2019,FALSE,Washington,HGA 273.pdf,FALSE,FALSE
Other Varieties,1888,2019,FALSE,Washington,HGA 273.pdf,FALSE,FALSE
Total Washington,2006,2019,TRUE,Washington,HGA 273.pdf,FALSE,FALSE
Total Pacific Northwest,1981,2019,TRUE,Pacific Northwest,HGA 273.pdf,FALSE,FALSE
Amarillo VGXP01,1576,2020,FALSE,Idaho,HGA 346.pdf,FALSE,TRUE
Apollo,,2020,FALSE,Idaho,HGA 346.pdf,TRUE,FALSE
Bravo,,2020,FALSE,Idaho,HGA 346.pdf,TRUE,FALSE
Calypso,,2020,FALSE,Idaho,HGA 346.pdf,TRUE,FALSE
Cascade,1213,2020,FALSE,Idaho,HGA 346.pdf,FALSE,FALSE
Cashmere,1578,2020,FALSE,Idaho,HGA 346.pdf,FALSE,FALSE
Centennial,,2020,FALSE,Idaho,HGA 346.pdf,FALSE,FALSE
Chinook,1614,2020,FALSE,Idaho,HGA 346.pdf,FALSE,FALSE
Citra HBC 394,1686,2020,FALSE,Idaho,HGA 346.pdf,FALSE,TRUE
Cluster,,2020,FALSE,Idaho,HGA 346.pdf,FALSE,FALSE
Columbus/Tomahawk/Zeus,2673,2020,FALSE,Idaho,HGA 346.pdf,FALSE,TRUE
Comet,1740,2020,FALSE,Idaho,HGA 346.pdf,FALSE,FALSE
Crystal,,2020,FALSE,Idaho,HGA 346.pdf,FALSE,FALSE
El Dorado,1590,2020,FALSE,Idaho,HGA 346.pdf,FALSE,TRUE
Eureka!,,2020,FALSE,Idaho,HGA 346.pdf,TRUE,FALSE
Galena,,2020,FALSE,Idaho,HGA 346.pdf,FALSE,FALSE
Hallertauer,614,2020,FALSE,Idaho,HGA 346.pdf,FALSE,FALSE
Idaho 7,2442,2020,FALSE,Idaho,HGA 346.pdf,TRUE,FALSE
Mosaic HBC 369,2335,2020,FALSE,Idaho,HGA 346.pdf,FALSE,TRUE
Northern Brewer,1432,2020,FALSE,Idaho,HGA 346.pdf,FALSE,FALSE
Saaz,,2020,FALSE,Idaho,HGA 346.pdf,FALSE,FALSE
Simcoe YCR 14,992,2020,FALSE,Idaho,HGA 346.pdf,FALSE,TRUE
Super Galena,,2020,FALSE,Idaho,HGA 346.pdf,TRUE,FALSE
Triumph,365,2020,FALSE,Idaho,HGA 346.pdf,FALSE,FALSE
Willamette,,2020,FALSE,Idaho,HGA 346.pdf,FALSE,FALSE
Zeus,,2020,FALSE,Idaho,HGA 346.pdf,FALSE,FALSE
Experimental,,2020,FALSE,Idaho,HGA 346.pdf,FALSE,FALSE
Other Varieties,1567,2020,FALSE,Idaho,HGA 346.pdf,FALSE,FALSE
Total Idaho,1855,2020,TRUE,Idaho,HGA 346.pdf,FALSE,FALSE
Amarillo VGXP01,2360,2020,FALSE,Oregon,HGA 346.pdf,FALSE,TRUE
Cascade,1639,2020,FALSE,Oregon,HGA 346.pdf,FALSE,FALSE
Centennial,1675,2020,FALSE,Oregon,HGA 346.pdf,FALSE,FALSE
Chinook,1481,2020,FALSE,Oregon,HGA 346.pdf,FALSE,FALSE
Citra HBC 394,1506,2020,FALSE,Oregon,HGA 346.pdf,FALSE,TRUE
Crystal,,2020,FALSE,Oregon,HGA 346.pdf,FALSE,FALSE
Fuggle,,2020,FALSE,Oregon,HGA 346.pdf,FALSE,FALSE
Golding,,2020,FALSE,Oregon,HGA 346.pdf,FALSE,FALSE
Hallertau Magnum,,2020,FALSE,Oregon,HGA 346.pdf,FALSE,FALSE
Liberty,2289,2020,FALSE,Oregon,HGA 346.pdf,FALSE,FALSE
Mosaic HBC 369,2155,2020,FALSE,Oregon,HGA 346.pdf,FALSE,TRUE
Mt. Hood,1551,2020,FALSE,Oregon,HGA 346.pdf,FALSE,FALSE
Nugget,1841,2020,FALSE,Oregon,HGA 346.pdf,FALSE,FALSE
Perle,,2020,FALSE,Oregon,HGA 346.pdf,FALSE,FALSE
Sabro HBC 438,870,2020,FALSE,Oregon,HGA 346.pdf,TRUE,FALSE
Simcoe YCR 14,1823,2020,FALSE,Oregon,HGA 346.pdf,FALSE,TRUE
Sterling,1728,2020,FALSE,Oregon,HGA 346.pdf,FALSE,FALSE
Strata OR 91331,2068,2020,FALSE,Oregon,HGA 346.pdf,TRUE,TRUE
Super Galena,2801,2020,FALSE,Oregon,HGA 346.pdf,TRUE,FALSE
Tettnanger,,2020,FALSE,Oregon,HGA 346.pdf,FALSE,FALSE
Willamette,1857,2020,FALSE,Oregon,HGA 346.pdf,FALSE,FALSE
Other Varieties,1479,2020,FALSE,Oregon,HGA 346.pdf,FALSE,FALSE
Total Oregon,1755,2020,TRUE,Oregon,HGA 346.pdf,FALSE,FALSE
Ahtanum YCR 1,2134,2020,FALSE,Washington,HGA 346.pdf,TRUE,TRUE
Amarillo VGXP01,1649,2020,FALSE,Washington,HGA 346.pdf,FALSE,FALSE
Apollo,2248,2020,FALSE,Washington,HGA 346.pdf,TRUE,FALSE
Azacca ADHA-483,1527,2020,FALSE,Washington,HGA 346.pdf,FALSE,FALSE
Bravo,2308,2020,FALSE,Washington,HGA 346.pdf,TRUE,FALSE
Cascade,1551,2020,FALSE,Washington,HGA 346.pdf,FALSE,FALSE
Cashmere,1514,2020,FALSE,Washington,HGA 346.pdf,FALSE,FALSE
Centennial,1640,2020,FALSE,Washington,HGA 346.pdf,FALSE,FALSE
Chinook,1665,2020,FALSE,Washington,HGA 346.pdf,FALSE,FALSE
Citra HBC 394,1526,2020,FALSE,Washington,HGA 346.pdf,FALSE,TRUE
Cluster,2065,2020,FALSE,Washington,HGA 346.pdf,FALSE,FALSE
Columbus/Tomahawk/Zeus,2176,2020,FALSE,Washington,HGA 346.pdf,FALSE,TRUE
Comet,872,2020,FALSE,Washington,HGA 346.pdf,FALSE,FALSE
Crystal,,2020,FALSE,Washington,HGA 346.pdf,FALSE,FALSE
Ekuanot HBC 366,2158,2020,FALSE,Washington,HGA 346.pdf,TRUE,FALSE
El Dorado,1516,2020,FALSE,Washington,HGA 346.pdf,FALSE,TRUE
Eureka!,2332,2020,FALSE,Washington,HGA 346.pdf,TRUE,FALSE
Galena,1838,2020,FALSE,Washington,HGA 346.pdf,FALSE,FALSE
Glacier,,2020,FALSE,Washington,HGA 346.pdf,FALSE,FALSE
Idaho 7,1736,2020,FALSE,Washington,HGA 346.pdf,TRUE,FALSE
Jarrylo ADHA-881,1428,2020,FALSE,Washington,HGA 346.pdf,FALSE,FALSE
Loral HBC 291,1874,2020,FALSE,Washington,HGA 346.pdf,FALSE,FALSE
Mosaic HBC 369,1998,2020,FALSE,Washington,HGA 346.pdf,FALSE,TRUE
Mt. Hood,1139,2020,FALSE,Washington,HGA 346.pdf,FALSE,FALSE
Mt. Rainier,1586,2020,FALSE,Washington,HGA 346.pdf,FALSE,TRUE
Nugget,,2020,FALSE,Washington,HGA 346.pdf,FALSE,FALSE
Pahto HBC 682,2019,2020,FALSE,Washington,HGA 346.pdf,TRUE,FALSE
Palisade YCR 4,2114,2020,FALSE,Washington,HGA 346.pdf,FALSE,TRUE
Pekko ADHA-871,1239,2020,FALSE,Washington,HGA 346.pdf,FALSE,FALSE
Sabro HBC 438,1886,2020,FALSE,Washington,HGA 346.pdf,FALSE,FALSE
Simcoe YCR 14,1643,2020,FALSE,Washington,HGA 346.pdf,FALSE,TRUE
Sorachi Ace,,2020,FALSE,Washington,HGA 346.pdf,FALSE,FALSE
Summit,1096,2020,FALSE,Washington,HGA 346.pdf,TRUE,FALSE
Super Galena,2636,2020,FALSE,Washington,HGA 346.pdf,TRUE,FALSE
Tahoma,1588,2020,FALSE,Washington,HGA 346.pdf,FALSE,FALSE
Tettnanger,,2020,FALSE,Washington,HGA 346.pdf,FALSE,FALSE
Warrior YCR 5,1669,2020,FALSE,Washington,HGA 346.pdf,FALSE,TRUE
Willamette,1458,2020,FALSE,Washington,HGA 346.pdf,FALSE,FALSE
Zeus,,2020,FALSE,Washington,HGA 346.pdf,FALSE,FALSE
Experimental,1207,2020,FALSE,Washington,HGA 346.pdf,FALSE,FALSE
Other Varieties,1737,2020,FALSE,Washington,HGA 346.pdf,FALSE,FALSE
Total Washington,1754,2020,TRUE,Washington,HGA 346.pdf,FALSE,FALSE
Total Pacific Northwest,1770,2020,TRUE,Pacific Northwest,HGA 346.pdf,FALSE,FALSE
Amarillo VGXP01,1813,2021,FALSE,Idaho,HGA 405.pdf,FALSE,TRUE
Apollo,2535,2021,FALSE,Idaho,HGA 405.pdf,TRUE,FALSE
Bravo,1163,2021,FALSE,Idaho,HGA 405.pdf,TRUE,FALSE
Calypso,1974,2021,FALSE,Idaho,HGA 405.pdf,TRUE,FALSE
Cascade,1559,2021,FALSE,Idaho,HGA 405.pdf,FALSE,FALSE
Cashmere,1828,2021,FALSE,Idaho,HGA 405.pdf,FALSE,FALSE
Centennial,,2021,FALSE,Idaho,HGA 405.pdf,FALSE,FALSE
Chinook,2104,2021,FALSE,Idaho,HGA 405.pdf,FALSE,FALSE
Citra HBC 394,1413,2021,FALSE,Idaho,HGA 405.pdf,FALSE,TRUE
Cluster,,2021,FALSE,Idaho,HGA 405.pdf,FALSE,FALSE
Columbus/Tomahawk/Zeus,3169,2021,FALSE,Idaho,HGA 405.pdf,FALSE,TRUE
Comet,1663,2021,FALSE,Idaho,HGA 405.pdf,FALSE,FALSE
Crystal,,2021,FALSE,Idaho,HGA 405.pdf,FALSE,FALSE
El Dorado,1778,2021,FALSE,Idaho,HGA 405.pdf,FALSE,TRUE
Eureka!,2433,2021,FALSE,Idaho,HGA 405.pdf,TRUE,FALSE
Galena,,2021,FALSE,Idaho,HGA 405.pdf,FALSE,FALSE
Hallertauer,1272,2021,FALSE,Idaho,HGA 405.pdf,FALSE,FALSE
Idaho 7,2837,2021,FALSE,Idaho,HGA 405.pdf,TRUE,FALSE
Mosaic HBC 369,2141,2021,FALSE,Idaho,HGA 405.pdf,FALSE,TRUE
Mt. Rainier,985,2021,FALSE,Idaho,HGA 405.pdf,FALSE,TRUE
Northern Brewer,1266,2021,FALSE,Idaho,HGA 405.pdf,FALSE,FALSE
Saaz,620,2021,FALSE,Idaho,HGA 405.pdf,FALSE,FALSE
Simcoe YCR 14,1121,2021,FALSE,Idaho,HGA 405.pdf,FALSE,TRUE
Super Galena,2127,2021,FALSE,Idaho,HGA 405.pdf,TRUE,FALSE
Triumph,1063,2021,FALSE,Idaho,HGA 405.pdf,FALSE,FALSE
Willamette,1311,2021,FALSE,Idaho,HGA 405.pdf,FALSE,FALSE
Zeus,,2021,FALSE,Idaho,HGA 405.pdf,FALSE,FALSE
Experimental,,2021,FALSE,Idaho,HGA 405.pdf,FALSE,FALSE
Other Varieties,1725,2021,FALSE,Idaho,HGA 405.pdf,FALSE,FALSE
Total Idaho,1900,2021,TRUE,Idaho,HGA 405.pdf,FALSE,FALSE
Amarillo VGXP01,2186,2021,FALSE,Oregon,HGA 405.pdf,FALSE,TRUE
Cascade,1595,2021,FALSE,Oregon,HGA 405.pdf,FALSE,FALSE
Centennial,1384,2021,FALSE,Oregon,HGA 405.pdf,FALSE,FALSE
Chinook,1794,2021,FALSE,Oregon,HGA 405.pdf,FALSE,FALSE
Citra HBC 394,1414,2021,FALSE,Oregon,HGA 405.pdf,FALSE,TRUE
Crystal,1816,2021,FALSE,Oregon,HGA 405.pdf,FALSE,FALSE
Eureka!,2292,2021,FALSE,Oregon,HGA 405.pdf,TRUE,FALSE
Fuggle,,2021,FALSE,Oregon,HGA 405.pdf,FALSE,FALSE
Golding,927,2021,FALSE,Oregon,HGA 405.pdf,FALSE,FALSE
Hallertau Magnum,,2021,FALSE,Oregon,HGA 405.pdf,FALSE,FALSE
Liberty,1506,2021,FALSE,Oregon,HGA 405.pdf,FALSE,FALSE
Mosaic HBC 369,2077,2021,FALSE,Oregon,HGA 405.pdf,FALSE,TRUE
Mt. Hood,1624,2021,FALSE,Oregon,HGA 405.pdf,FALSE,FALSE
Nugget,2162,2021,FALSE,Oregon,HGA 405.pdf,FALSE,FALSE
Perle,,2021,FALSE,Oregon,HGA 405.pdf,FALSE,FALSE
Sabro HBC 438,1749,2021,FALSE,Oregon,HGA 405.pdf,TRUE,FALSE
Simcoe YCR 14,1643,2021,FALSE,Oregon,HGA 405.pdf,FALSE,TRUE
Sterling,1321,2021,FALSE,Oregon,HGA 405.pdf,FALSE,FALSE
Strata OR 91331,1889,2021,FALSE,Oregon,HGA 405.pdf,TRUE,TRUE
Super Galena,,2021,FALSE,Oregon,HGA 405.pdf,TRUE,FALSE
Tettnanger,,2021,FALSE,Oregon,HGA 405.pdf,FALSE,FALSE
Willamette,1461,2021,FALSE,Oregon,HGA 405.pdf,FALSE,FALSE
Other Varieties,1780,2021,FALSE,Oregon,HGA 405.pdf,FALSE,FALSE
Total Oregon,1705,2021,TRUE,Oregon,HGA 405.pdf,FALSE,FALSE
Ahtanum YCR 1,2211,2021,FALSE,Washington,HGA 405.pdf,FALSE,TRUE
Amarillo VGXP01,1659,2021,FALSE,Washington,HGA 405.pdf,FALSE,TRUE
Apollo,2949,2021,FALSE,Washington,HGA 405.pdf,TRUE,FALSE
Azacca ADHA-483,1909,2021,FALSE,Washington,HGA 405.pdf,TRUE,FALSE
Bravo,2759,2021,FALSE,Washington,HGA 405.pdf,TRUE,FALSE
Calypso,2930,2021,FALSE,Washington,HGA 405.pdf,TRUE,FALSE
Cascade,1585,2021,FALSE,Washington,HGA 405.pdf,FALSE,FALSE
Cashmere,1395,2021,FALSE,Washington,HGA 405.pdf,FALSE,FALSE
Centennial,1585,2021,FALSE,Washington,HGA 405.pdf,FALSE,FALSE
Chinook,1851,2021,FALSE,Washington,HGA 405.pdf,FALSE,FALSE
Citra HBC 394,1580,2021,FALSE,Washington,HGA 405.pdf,FALSE,TRUE
Cluster,2016,2021,FALSE,Washington,HGA 405.pdf,FALSE,FALSE
Columbus/Tomahawk/Zeus,2656,2021,FALSE,Washington,HGA 405.pdf,FALSE,TRUE
Comet,1632,2021,FALSE,Washington,HGA 405.pdf,FALSE,FALSE
Crystal,,2021,FALSE,Washington,HGA 405.pdf,FALSE,FALSE
Ekuanot HBC 366,2608,2021,FALSE,Washington,HGA 405.pdf,TRUE,FALSE
El Dorado,1876,2021,FALSE,Washington,HGA 405.pdf,FALSE,TRUE
Eureka!,3022,2021,FALSE,Washington,HGA 405.pdf,TRUE,FALSE
Galena,,2021,FALSE,Washington,HGA 405.pdf,FALSE,FALSE
Idaho 7,3197,2021,FALSE,Washington,HGA 405.pdf,TRUE,FALSE
Jarrylo ADHA-881,,2021,FALSE,Washington,HGA 405.pdf,TRUE,FALSE
Loral HBC 291,2088,2021,FALSE,Washington,HGA 405.pdf,FALSE,FALSE
Mosaic HBC 369,2129,2021,FALSE,Washington,HGA 405.pdf,FALSE,TRUE
Mt. Hood,1139,2021,FALSE,Washington,HGA 405.pdf,FALSE,FALSE
Mt. Rainier,,2021,FALSE,Washington,HGA 405.pdf,FALSE,TRUE
Nugget,,2021,FALSE,Washington,HGA 405.pdf,FALSE,FALSE
Pahto HBC 682,2463,2021,FALSE,Washington,HGA 405.pdf,TRUE,FALSE
Palisade YCR 4,1866,2021,FALSE,Washington,HGA 405.pdf,FALSE,TRUE
Pekko ADHA-871,2072,2021,FALSE,Washington,HGA 405.pdf,FALSE,FALSE
Sabro HBC 438,1886,2021,FALSE,Washington,HGA 405.pdf,FALSE,FALSE
Simcoe YCR 14,1646,2021,FALSE,Washington,HGA 405.pdf,FALSE,TRUE
Sorachi Ace,,2021,FALSE,Washington,HGA 405.pdf,FALSE,FALSE
Summit,1351,2021,FALSE,Washington,HGA 405.pdf,TRUE,FALSE
Super Galena,2849,2021,FALSE,Washington,HGA 405.pdf,TRUE,FALSE
Tahoma,1055,2021,FALSE,Washington,HGA 405.pdf,FALSE,FALSE
Tettnanger,,2021,FALSE,Washington,HGA 405.pdf,FALSE,FALSE
Warrior YCR 5,2240,2021,FALSE,Washington,HGA 405.pdf,FALSE,TRUE
Willamette,,2021,FALSE,Washington,HGA 405.pdf,FALSE,FALSE
Zeus,,2021,FALSE,Washington,HGA 405.pdf,FALSE,FALSE
Experimental,1713,2021,FALSE,Washington,HGA 405.pdf,FALSE,FALSE
Other Varieties,1934,2021,FALSE,Washington,HGA 405.pdf,FALSE,FALSE
Total Washington,1900,2021,TRUE,Washington,HGA 405.pdf,FALSE,FALSE
Total Pacific Northwest,1900,2021,TRUE,Pacific Northwest,HGA 405.pdf,FALSE,FALSE
Amarillo VGXP01,1458,2022,FALSE,Idaho,HGA 435.pdf,FALSE,FALSE
Apollo,,2022,FALSE,Idaho,HGA 435.pdf,FALSE,FALSE
Bravo,,2022,FALSE,Idaho,HGA 435.pdf,TRUE,FALSE
Calypso,,2022,FALSE,Idaho,HGA 435.pdf,FALSE,FALSE
Cascade,1494,2022,FALSE,Idaho,HGA 435.pdf,FALSE,FALSE
Cashmere,1622,2022,FALSE,Idaho,HGA 435.pdf,FALSE,FALSE
Chinook,1467,2022,FALSE,Idaho,HGA 435.pdf,FALSE,FALSE
Citra HBC 394,1515,2022,FALSE,Idaho,HGA 435.pdf,FALSE,TRUE
Cluster,,2022,FALSE,Idaho,HGA 435.pdf,FALSE,FALSE
Columbus/Tomahawk/Zeus,3027,2022,FALSE,Idaho,HGA 435.pdf,FALSE,TRUE
Comet,1863,2022,FALSE,Idaho,HGA 435.pdf,FALSE,FALSE
Crystal,,2022,FALSE,Idaho,HGA 435.pdf,FALSE,FALSE
El Dorado,1766,2022,FALSE,Idaho,HGA 435.pdf,FALSE,TRUE
Eureka!,2200,2022,FALSE,Idaho,HGA 435.pdf,TRUE,FALSE
Galena,,2022,FALSE,Idaho,HGA 435.pdf,FALSE,FALSE
Hallertauer,1649,2022,FALSE,Idaho,HGA 435.pdf,FALSE,FALSE
Mosaic HBC 369,2103,2022,FALSE,Idaho,HGA 435.pdf,FALSE,TRUE
Mt. Rainier,1364,2022,FALSE,Idaho,HGA 435.pdf,FALSE,TRUE
Northern Brewer,,2022,FALSE,Idaho,HGA 435.pdf,FALSE,FALSE
Saaz,955,2022,FALSE,Idaho,HGA 435.pdf,FALSE,FALSE
Simcoe YCR 14,1208,2022,FALSE,Idaho,HGA 435.pdf,FALSE,TRUE
Super Galena,,2022,FALSE,Idaho,HGA 435.pdf,FALSE,FALSE
Triumph,871,2022,FALSE,Idaho,HGA 435.pdf,FALSE,FALSE
Willamette,1393,2022,FALSE,Idaho,HGA 435.pdf,FALSE,FALSE
Zeus,,2022,FALSE,Idaho,HGA 435.pdf,FALSE,FALSE
Other Varieties,1587,2022,FALSE,Idaho,HGA 435.pdf,FALSE,FALSE
Total Idaho,1734,2022,TRUE,Idaho,HGA 435.pdf,FALSE,FALSE
Amarillo VGXP01,1870,2022,FALSE,Oregon,HGA 435.pdf,FALSE,TRUE
Cascade,1578,2022,FALSE,Oregon,HGA 435.pdf,FALSE,FALSE
Centennial,1575,2022,FALSE,Oregon,HGA 435.pdf,FALSE,FALSE
Chinook,1543,2022,FALSE,Oregon,HGA 435.pdf,FALSE,FALSE
Citra HBC 394,1562,2022,FALSE,Oregon,HGA 435.pdf,FALSE,TRUE
Crystal,1739,2022,FALSE,Oregon,HGA 435.pdf,FALSE,FALSE
Eureka!,,2022,FALSE,Oregon,HGA 435.pdf,TRUE,FALSE
Fuggle,,2022,FALSE,Oregon,HGA 435.pdf,FALSE,FALSE
Golding,,2022,FALSE,Oregon,HGA 435.pdf,FALSE,FALSE
Hallertau Magnum,,2022,FALSE,Oregon,HGA 435.pdf,FALSE,FALSE
Liberty,,2022,FALSE,Oregon,HGA 435.pdf,FALSE,FALSE
Mosaic HBC 369,2059,2022,FALSE,Oregon,HGA 435.pdf,FALSE,TRUE
Mt. Hood,1252,2022,FALSE,Oregon,HGA 435.pdf,FALSE,FALSE
Mt. Rainier,1473,2022,FALSE,Oregon,HGA 435.pdf,FALSE,TRUE
Nugget,2085,2022,FALSE,Oregon,HGA 435.pdf,FALSE,FALSE
Perle,,2022,FALSE,Oregon,HGA 435.pdf,FALSE,FALSE
Sabro HBC 438,1996,2022,FALSE,Oregon,HGA 435.pdf,FALSE,FALSE
Simcoe YCR 14,1646,2022,FALSE,Oregon,HGA 435.pdf,FALSE,TRUE
Sterling,1559,2022,FALSE,Oregon,HGA 435.pdf,FALSE,FALSE
Strata OR 91331,2000,2022,FALSE,Oregon,HGA 435.pdf,TRUE,TRUE
Super Galena,,2022,FALSE,Oregon,HGA 435.pdf,TRUE,FALSE
Talus HBC 692,1483,2022,FALSE,Oregon,HGA 435.pdf,FALSE,FALSE
Tettnanger,,2022,FALSE,Oregon,HGA 435.pdf,FALSE,FALSE
Willamette,1489,2022,FALSE,Oregon,HGA 435.pdf,FALSE,FALSE
Other Varieties,1567,2022,FALSE,Oregon,HGA 435.pdf,FALSE,FALSE
Total Oregon,1728,2022,TRUE,Oregon,HGA 435.pdf,FALSE,FALSE
Ahtanum YCR 1,2032,2022,FALSE,Washington,HGA 435.pdf,TRUE,TRUE
Amarillo VGXP01,1486,2022,FALSE,Washington,HGA 435.pdf,FALSE,FALSE
Apollo,2483,2022,FALSE,Washington,HGA 435.pdf,TRUE,FALSE
Azacca ADHA-483,1559,2022,FALSE,Washington,HGA 435.pdf,FALSE,FALSE
Bravo,2161,2022,FALSE,Washington,HGA 435.pdf,TRUE,FALSE
Calypso,,2022,FALSE,Washington,HGA 435.pdf,TRUE,FALSE
Cascade,1477,2022,FALSE,Washington,HGA 435.pdf,FALSE,FALSE
Cashmere,1521,2022,FALSE,Washington,HGA 435.pdf,FALSE,FALSE
Centennial,1464,2022,FALSE,Washington,HGA 435.pdf,FALSE,FALSE
Chinook,1335,2022,FALSE,Washington,HGA 435.pdf,FALSE,FALSE
Citra HBC 394,1365,2022,FALSE,Washington,HGA 435.pdf,FALSE,TRUE
Cluster,1505,2022,FALSE,Washington,HGA 435.pdf,FALSE,FALSE
Columbus/Tomahawk/Zeus,2256,2022,FALSE,Washington,HGA 435.pdf,FALSE,TRUE
Comet,1299,2022,FALSE,Washington,HGA 435.pdf,FALSE,FALSE
Crystal,,2022,FALSE,Washington,HGA 435.pdf,FALSE,FALSE
Ekuanot HBC 366,2153,2022,FALSE,Washington,HGA 435.pdf,TRUE,FALSE
El Dorado,1685,2022,FALSE,Washington,HGA 435.pdf,FALSE,TRUE
Eureka!,2205,2022,FALSE,Washington,HGA 435.pdf,TRUE,FALSE
Galena,,2022,FALSE,Washington,HGA 435.pdf,FALSE,FALSE
Jarrylo ADHA-881,,2022,FALSE,Washington,HGA 435.pdf,FALSE,FALSE
Loral HBC 291,1843,2022,FALSE,Washington,HGA 435.pdf,TRUE,FALSE
Mosaic HBC 369,1963,2022,FALSE,Washington,HGA 435.pdf,FALSE,FALSE
Mt. Hood,573,2022,FALSE,Washington,HGA 435.pdf,FALSE,FALSE
Mt. Rainier,1563,2022,FALSE,Washington,HGA 435.pdf,FALSE,TRUE
Nugget,,2022,FALSE,Washington,HGA 435.pdf,FALSE,FALSE
Pahto HBC 682,2132,2022,FALSE,Washington,HGA 435.pdf,FALSE,FALSE
Palisade YCR 4,1842,2022,FALSE,Washington,HGA 435.pdf,FALSE,TRUE
Pekko ADHA-871,1882,2022,FALSE,Washington,HGA 435.pdf,FALSE,FALSE
Sabro HBC 438,2052,2022,FALSE,Washington,HGA 435.pdf,FALSE,FALSE
Simcoe YCR 14,1380,2022,FALSE,Washington,HGA 435.pdf,FALSE,TRUE
Sorachi Ace,,2022,FALSE,Washington,HGA 435.pdf,FALSE,FALSE
Summit,,2022,FALSE,Washington,HGA 435.pdf,TRUE,FALSE
Super Galena,2838,2022,FALSE,Washington,HGA 435.pdf,TRUE,FALSE
Tahoma,1310,2022,FALSE,Washington,HGA 435.pdf,FALSE,FALSE
Talus HBC 692,1703,2022,FALSE,Washington,HGA 435.pdf,TRUE,FALSE
Warrior YCR 5,1610,2022,FALSE,Washington,HGA 435.pdf,FALSE,TRUE
Willamette,991,2022,FALSE,Washington,HGA 435.pdf,FALSE,FALSE
Zappa,839,2022,FALSE,Washington,HGA 435.pdf,TRUE,FALSE
Zeus,,2022,FALSE,Washington,HGA 435.pdf,FALSE,FALSE
Experimental,1717,2022,FALSE,Washington,HGA 435.pdf,FALSE,FALSE
Other Varieties,1577,2022,FALSE,Washington,HGA 435.pdf,FALSE,FALSE
Total Washington,1679,2022,TRUE,Washington,HGA 435.pdf,FALSE,FALSE
Total Pacific Northwest,1694,2022,TRUE,Pacific Northwest,HGA 435.pdf,FALSE,FALSE
Apollo,2062,2015,FALSE,Idaho,HGA 5.pdf,FALSE,TRUE
Bravo,2625,2015,FALSE,Idaho,HGA 5.pdf,FALSE,TRUE
Calypso,1710,2015,FALSE,Idaho,HGA 5.pdf,FALSE,FALSE
Cascade,1633,2015,FALSE,Idaho,HGA 5.pdf,FALSE,FALSE
Centennial,,2015,FALSE,Idaho,HGA 5.pdf,FALSE,FALSE
Chinook,1850,2015,FALSE,Idaho,HGA 5.pdf,FALSE,FALSE
Citra HBC 394,1271,2015,FALSE,Idaho,HGA 5.pdf,FALSE,TRUE
Crystal,,2015,FALSE,Idaho,HGA 5.pdf,FALSE,FALSE
El Dorado,1125,2015,FALSE,Idaho,HGA 5.pdf,FALSE,TRUE
Mosaic HBC 369,2278,2015,FALSE,Idaho,HGA 5.pdf,TRUE,FALSE
Simcoe YCR 14,1576,2015,FALSE,Idaho,HGA 5.pdf,FALSE,TRUE
Super Galena,2189,2015,FALSE,Idaho,HGA 5.pdf,FALSE,TRUE
Zeus,2909,2015,FALSE,Idaho,HGA 5.pdf,FALSE,FALSE
Experimental,1269,2015,FALSE,Idaho,HGA 5.pdf,FALSE,FALSE
Other Varieties,1348,2015,FALSE,Idaho,HGA 5.pdf,FALSE,FALSE
Total Idaho,1794,2015,TRUE,Idaho,HGA 5.pdf,FALSE,FALSE
Cascade,1994,2015,FALSE,Oregon,HGA 5.pdf,FALSE,FALSE
Centennial,1352,2015,FALSE,Oregon,HGA 5.pdf,FALSE,FALSE
Chinook,1861,2015,FALSE,Oregon,HGA 5.pdf,FALSE,FALSE
Citra HBC 394,980,2015,FALSE,Oregon,HGA 5.pdf,FALSE,TRUE
Crystal,2011,2015,FALSE,Oregon,HGA 5.pdf,FALSE,FALSE
Fuggle,1066,2015,FALSE,Oregon,HGA 5.pdf,FALSE,FALSE
Golding,837,2015,FALSE,Oregon,HGA 5.pdf,FALSE,FALSE
Liberty,1360,2015,FALSE,Oregon,HGA 5.pdf,FALSE,FALSE
Magnum,1572,2015,FALSE,Oregon,HGA 5.pdf,FALSE,FALSE
Mt. Hood,1276,2015,FALSE,Oregon,HGA 5.pdf,FALSE,FALSE
Nugget,1888,2015,FALSE,Oregon,HGA 5.pdf,FALSE,FALSE
Perle,,2015,FALSE,Oregon,HGA 5.pdf,FALSE,FALSE
Simcoe YCR 14,1678,2015,FALSE,Oregon,HGA 5.pdf,FALSE,TRUE
Sterling,1344,2015,FALSE,Oregon,HGA 5.pdf,FALSE,FALSE
Super Galena,2340,2015,FALSE,Oregon,HGA 5.pdf,FALSE,TRUE
Tettnanger,1242,2015,FALSE,Oregon,HGA 5.pdf,FALSE,FALSE
Willamette,1226,2015,FALSE,Oregon,HGA 5.pdf,FALSE,FALSE
Experimental,,2015,FALSE,Oregon,HGA 5.pdf,FALSE,FALSE
Other Varieties,1609,2015,FALSE,Oregon,HGA 5.pdf,FALSE,FALSE
Total Oregon,1613,2015,TRUE,Oregon,HGA 5.pdf,FALSE,FALSE
Azacca ADHA-483,1872,2015,FALSE,Washington,HGA 5.pdf,TRUE,FALSE
Jarrylo ADHA-881,1541,2015,FALSE,Washington,HGA 5.pdf,TRUE,FALSE
Ahtanum YCR 1,1557,2015,FALSE,Washington,HGA 5.pdf,FALSE,FALSE
Apollo,2738,2015,FALSE,Washington,HGA 5.pdf,FALSE,TRUE
Bravo,2824,2015,FALSE,Washington,HGA 5.pdf,FALSE,TRUE
Cascade,1936,2015,FALSE,Washington,HGA 5.pdf,FALSE,FALSE
Centennial,1145,2015,FALSE,Washington,HGA 5.pdf,FALSE,FALSE
Chinook,1793,2015,FALSE,Washington,HGA 5.pdf,FALSE,FALSE
Citra HBC 394,1541,2015,FALSE,Washington,HGA 5.pdf,FALSE,TRUE
Cluster,1705,2015,FALSE,Washington,HGA 5.pdf,FALSE,FALSE
Columbus/Tomahawk,2524,2015,FALSE,Washington,HGA 5.pdf,FALSE,TRUE
Comet,1780,2015,FALSE,Washington,HGA 5.pdf,FALSE,FALSE
Crystal,1183,2015,FALSE,Washington,HGA 5.pdf,FALSE,FALSE
El Dorado,2155,2015,FALSE,Washington,HGA 5.pdf,FALSE,TRUE
Galena,1968,2015,FALSE,Washington,HGA 5.pdf,FALSE,FALSE
Glacier,996,2015,FALSE,Washington,HGA 5.pdf,FALSE,FALSE
Golding,854,2015,FALSE,Washington,HGA 5.pdf,FALSE,FALSE
Magnum,1255,2015,FALSE,Washington,HGA 5.pdf,FALSE,FALSE
Millennium,,2015,FALSE,Washington,HGA 5.pdf,FALSE,FALSE
Mosaic HBC 369,2036,2015,FALSE,Washington,HGA 5.pdf,TRUE,FALSE
Mt. Hood,1069,2015,FALSE,Washington,HGA 5.pdf,FALSE,FALSE
Northern Brewer,991,2015,FALSE,Washington,HGA 5.pdf,FALSE,FALSE
Nugget,1927,2015,FALSE,Washington,HGA 5.pdf,FALSE,FALSE
Simcoe YCR 14,1540,2015,FALSE,Washington,HGA 5.pdf,FALSE,TRUE
Summit,1969,2015,FALSE,Washington,HGA 5.pdf,TRUE,FALSE
Super Galena,2729,2015,FALSE,Washington,HGA 5.pdf,FALSE,TRUE
Tettnanger,,2015,FALSE,Washington,HGA 5.pdf,FALSE,FALSE
Vanguard,1223,2015,FALSE,Washington,HGA 5.pdf,FALSE,FALSE
Willamette,1007,2015,FALSE,Washington,HGA 5.pdf,FALSE,FALSE
Palisade YCR 4,1950,2015,FALSE,Washington,HGA 5.pdf,FALSE,TRUE
Warrior YCR 5,,2015,FALSE,Washington,HGA 5.pdf,FALSE,TRUE
Zeus,2819,2015,FALSE,Washington,HGA 5.pdf,FALSE,FALSE
Experimental,1545,2015,FALSE,Washington,HGA 5.pdf,FALSE,FALSE
Other Varieties,1603,2015,FALSE,Washington,HGA 5.pdf,FALSE,FALSE
Total Washington,1849,2015,TRUE,Washington,HGA 5.pdf,FALSE,FALSE
Total Pacific Northwest,1807,2015,TRUE,Pacific Northwest,HGA 5.pdf,FALSE,FALSE
Apollo,2004,2014,FALSE,Idaho,HGA 6.pdf,FALSE,FALSE
Bravo,2579,2014,FALSE,Idaho,HGA 6.pdf,FALSE,FALSE
Cascade,1746,2014,FALSE,Idaho,HGA 6.pdf,FALSE,FALSE
Centennial,754,2014,FALSE,Idaho,HGA 6.pdf,FALSE,FALSE
Citra HBC 394,1200,2014,FALSE,Idaho,HGA 6.pdf,FALSE,TRUE
Chinook,1673,2014,FALSE,Idaho,HGA 6.pdf,FALSE,FALSE
Crystal,2186,2014,FALSE,Idaho,HGA 6.pdf,FALSE,FALSE
El Dorado,1144,2014,FALSE,Idaho,HGA 6.pdf,FALSE,TRUE
Simcoe YCR 14,969,2014,FALSE,Idaho,HGA 6.pdf,FALSE,FALSE
Super Galena,2165,2014,FALSE,Idaho,HGA 6.pdf,FALSE,FALSE
Zeus,2891,2014,FALSE,Idaho,HGA 6.pdf,FALSE,FALSE
Experimental,1366,2014,FALSE,Idaho,HGA 6.pdf,FALSE,FALSE
Other Varieties,1354,2014,FALSE,Idaho,HGA 6.pdf,FALSE,FALSE
Total Idaho,1847,2014,TRUE,Idaho,HGA 6.pdf,FALSE,FALSE
Cascade,1402,2014,FALSE,Oregon,HGA 6.pdf,FALSE,FALSE
Centennial,1095,2014,FALSE,Oregon,HGA 6.pdf,FALSE,FALSE
Fuggle,,2014,FALSE,Oregon,HGA 6.pdf,FALSE,FALSE
Golding,955,2014,FALSE,Oregon,HGA 6.pdf,FALSE,FALSE
Liberty,,2014,FALSE,Oregon,HGA 6.pdf,FALSE,FALSE
Magnum,1077,2014,FALSE,Oregon,HGA 6.pdf,FALSE,FALSE
Mt. Hood,1450,2014,FALSE,Oregon,HGA 6.pdf,FALSE,FALSE
Nugget,1978,2014,FALSE,Oregon,HGA 6.pdf,FALSE,FALSE
Perle,1057,2014,FALSE,Oregon,HGA 6.pdf,FALSE,FALSE
Sterling,1423,2014,FALSE,Oregon,HGA 6.pdf,FALSE,FALSE
Super Galena,2309,2014,FALSE,Oregon,HGA 6.pdf,FALSE,FALSE
Tettnanger,,2014,FALSE,Oregon,HGA 6.pdf,FALSE,FALSE
Willamette,1453,2014,FALSE,Oregon,HGA 6.pdf,FALSE,FALSE
Experimental,,2014,FALSE,Oregon,HGA 6.pdf,FALSE,FALSE
Other Varieties,1426,2014,FALSE,Oregon,HGA 6.pdf,FALSE,FALSE
Total Oregon,1520,2014,TRUE,Oregon,HGA 6.pdf,FALSE,FALSE
Azacca ADHA-483,1704,2014,FALSE,Washington,HGA 6.pdf,TRUE,FALSE
Jarrylo ADHA-881,1548,2014,FALSE,Washington,HGA 6.pdf,TRUE,FALSE
Ahtanum YCR 1,1680,2014,FALSE,Washington,HGA 6.pdf,FALSE,FALSE
Apollo,2649,2014,FALSE,Washington,HGA 6.pdf,FALSE,FALSE
Bravo,2768,2014,FALSE,Washington,HGA 6.pdf,FALSE,FALSE
Cascade,1824,2014,FALSE,Washington,HGA 6.pdf,FALSE,FALSE
Centennial,1347,2014,FALSE,Washington,HGA 6.pdf,FALSE,FALSE
Chinook,1815,2014,FALSE,Washington,HGA 6.pdf,FALSE,FALSE
Citra HBC 394,1570,2014,FALSE,Washington,HGA 6.pdf,FALSE,TRUE
Cluster,1825,2014,FALSE,Washington,HGA 6.pdf,FALSE,FALSE
Columbus/Tomahawk,2629,2014,FALSE,Washington,HGA 6.pdf,FALSE,TRUE
Crystal,1366,2014,FALSE,Washington,HGA 6.pdf,FALSE,FALSE
El Dorado,2206,2014,FALSE,Washington,HGA 6.pdf,FALSE,TRUE
Galena,1801,2014,FALSE,Washington,HGA 6.pdf,FALSE,FALSE
Glacier,1202,2014,FALSE,Washington,HGA 6.pdf,FALSE,FALSE
Golding,772,2014,FALSE,Washington,HGA 6.pdf,FALSE,FALSE
Millennium,1996,2014,FALSE,Washington,HGA 6.pdf,FALSE,FALSE
Mosaic HBC 369,2225,2014,FALSE,Washington,HGA 6.pdf,TRUE,FALSE
Mt. Hood,1333,2014,FALSE,Washington,HGA 6.pdf,FALSE,FALSE
Northern Brewer,1244,2014,FALSE,Washington,HGA 6.pdf,FALSE,FALSE
Nugget,1538,2014,FALSE,Washington,HGA 6.pdf,FALSE,FALSE
Simcoe YCR 14,1542,2014,FALSE,Washington,HGA 6.pdf,FALSE,TRUE
Summit,2105,2014,FALSE,Washington,HGA 6.pdf,TRUE,FALSE
Super Galena,2562,2014,FALSE,Washington,HGA 6.pdf,FALSE,FALSE
Tettnanger,,2014,FALSE,Washington,HGA 6.pdf,FALSE,FALSE
Vanguard,1455,2014,FALSE,Washington,HGA 6.pdf,FALSE,FALSE
Willamette,1130,2014,FALSE,Washington,HGA 6.pdf,FALSE,FALSE
Palisade YCR 4,2469,2014,FALSE,Washington,HGA 6.pdf,FALSE,TRUE
Warrior YCR 5,1821,2014,FALSE,Washington,HGA 6.pdf,FALSE,TRUE
Zeus,2811,2014,FALSE,Washington,HGA 6.pdf,FALSE,FALSE
Experimental,1625,2014,FALSE,Washington,HGA 6.pdf,FALSE,FALSE
Other Varieties,1418,2014,FALSE,Washington,HGA 6.pdf,FALSE,FALSE
Total Washington,1936,2014,TRUE,Washington,HGA 6.pdf,FALSE,FALSE
Total United States,1868,2014,TRUE,United States,HGA 6.pdf,FALSE,FALSE
Apollo,1893,2016,FALSE,Idaho,HGA 76.pdf,TRUE,FALSE
Bravo,2359,2016,FALSE,Idaho,HGA 76.pdf,TRUE,FALSE
Calypso,1937,2016,FALSE,Idaho,HGA 76.pdf,FALSE,FALSE
Cascade,1585,2016,FALSE,Idaho,HGA 76.pdf,FALSE,FALSE
Centennial,,2016,FALSE,Idaho,HGA 76.pdf,FALSE,FALSE
Chinook,1712,2016,FALSE,Idaho,HGA 76.pdf,FALSE,FALSE
Citra HBC 394,1213,2016,FALSE,Idaho,HGA 76.pdf,FALSE,TRUE
Crystal,1678,2016,FALSE,Idaho,HGA 76.pdf,FALSE,FALSE
El Dorado,1658,2016,FALSE,Idaho,HGA 76.pdf,FALSE,TRUE
Mosaic HBC 369,2204,2016,FALSE,Idaho,HGA 76.pdf,FALSE,TRUE
Simcoe YCR 14,1335,2016,FALSE,Idaho,HGA 76.pdf,FALSE,TRUE
Super Galena,1872,2016,FALSE,Idaho,HGA 76.pdf,TRUE,FALSE
Zeus,2761,2016,FALSE,Idaho,HGA 76.pdf,FALSE,FALSE
Experimental,1000,2016,FALSE,Idaho,HGA 76.pdf,FALSE,FALSE
Other Varieties,1174,2016,FALSE,Idaho,HGA 76.pdf,FALSE,FALSE
Total Idaho,1646,2016,TRUE,Idaho,HGA 76.pdf,FALSE,FALSE
Cascade,1597,2016,FALSE,Oregon,HGA 76.pdf,FALSE,FALSE
Centennial,1235,2016,FALSE,Oregon,HGA 76.pdf,FALSE,FALSE
Chinook,1675,2016,FALSE,Oregon,HGA 76.pdf,FALSE,FALSE
Citra HBC 394,1047,2016,FALSE,Oregon,HGA 76.pdf,FALSE,TRUE
Crystal,2216,2016,FALSE,Oregon,HGA 76.pdf,FALSE,FALSE
Fuggle,1021,2016,FALSE,Oregon,HGA 76.pdf,FALSE,FALSE
Golding,,2016,FALSE,Oregon,HGA 76.pdf,FALSE,FALSE
Liberty,,2016,FALSE,Oregon,HGA 76.pdf,FALSE,FALSE
Magnum,1493,2016,FALSE,Oregon,HGA 76.pdf,FALSE,FALSE
Mt. Hood,1463,2016,FALSE,Oregon,HGA 76.pdf,FALSE,FALSE
Nugget,1925,2016,FALSE,Oregon,HGA 76.pdf,FALSE,FALSE
Perle,,2016,FALSE,Oregon,HGA 76.pdf,FALSE,FALSE
Simcoe YCR 14,1969,2016,FALSE,Oregon,HGA 76.pdf,FALSE,TRUE
Sterling,1626,2016,FALSE,Oregon,HGA 76.pdf,FALSE,FALSE
Super Galena,,2016,FALSE,Oregon,HGA 76.pdf,TRUE,FALSE
Tettnanger,1193,2016,FALSE,Oregon,HGA 76.pdf,FALSE,FALSE
Willamette,1573,2016,FALSE,Oregon,HGA 76.pdf,FALSE,FALSE
Experimental,,2016,FALSE,Oregon,HGA 76.pdf,FALSE,FALSE
Other Varieties,1546,2016,FALSE,Oregon,HGA 76.pdf,FALSE,FALSE
Total Oregon,1596,2016,TRUE,Oregon,HGA 76.pdf,FALSE,FALSE
Azacca ADHA-483,1870,2016,FALSE,Washington,HGA 76.pdf,TRUE,FALSE
Ahtanum YCR 1,1012,2016,FALSE,Washington,HGA 76.pdf,FALSE,FALSE
Apollo,2225,2016,FALSE,Washington,HGA 76.pdf,TRUE,FALSE
Bravo,2671,2016,FALSE,Washington,HGA 76.pdf,TRUE,FALSE
Cascade,1727,2016,FALSE,Washington,HGA 76.pdf,FALSE,FALSE
Centennial,1355,2016,FALSE,Washington,HGA 76.pdf,FALSE,FALSE
Chinook,1420,2016,FALSE,Washington,HGA 76.pdf,FALSE,FALSE
Citra HBC 394,1543,2016,FALSE,Washington,HGA 76.pdf,FALSE,TRUE
Cluster,1700,2016,FALSE,Washington,HGA 76.pdf,FALSE,FALSE
Columbus/Tomahawk,1969,2016,FALSE,Washington,HGA 76.pdf,FALSE,TRUE
Comet,949,2016,FALSE,Washington,HGA 76.pdf,FALSE,FALSE
Crystal,1475,2016,FALSE,Washington,HGA 76.pdf,FALSE,FALSE
El Dorado,1904,2016,FALSE,Washington,HGA 76.pdf,FALSE,TRUE
Galena,1692,2016,FALSE,Washington,HGA 76.pdf,FALSE,FALSE
Glacier,1168,2016,FALSE,Washington,HGA 76.pdf,FALSE,FALSE
Golding,,2016,FALSE,Washington,HGA 76.pdf,FALSE,FALSE
Jarrylo ADHA-881,1408,2016,FALSE,Washington,HGA 76.pdf,TRUE,FALSE
Magnum,,2016,FALSE,Washington,HGA 76.pdf,FALSE,FALSE
Millennium,,2016,FALSE,Washington,HGA 76.pdf,FALSE,FALSE
Mosaic HBC 369,2326,2016,FALSE,Washington,HGA 76.pdf,FALSE,TRUE
Mt. Hood,1075,2016,FALSE,Washington,HGA 76.pdf,FALSE,FALSE
Northern Brewer,,2016,FALSE,Washington,HGA 76.pdf,FALSE,FALSE
Nugget,1774,2016,FALSE,Washington,HGA 76.pdf,FALSE,FALSE
Palisade YCR 4,2228,2016,FALSE,Washington,HGA 76.pdf,FALSE,TRUE
Simcoe YCR 14,1673,2016,FALSE,Washington,HGA 76.pdf,FALSE,TRUE
Summit,1648,2016,FALSE,Washington,HGA 76.pdf,TRUE,FALSE
Super Galena,2501,2016,FALSE,Washington,HGA 76.pdf,TRUE,FALSE
Tettnanger,,2016,FALSE,Washington,HGA 76.pdf,FALSE,FALSE
Vanguard,,2016,FALSE,Washington,HGA 76.pdf,FALSE,FALSE
Warrior YCR 5,,2016,FALSE,Washington,HGA 76.pdf,FALSE,TRUE
Willamette,1277,2016,FALSE,Washington,HGA 76.pdf,FALSE,FALSE
Zeus,2469,2016,FALSE,Washington,HGA 76.pdf,FALSE,FALSE
Experimental,1592,2016,FALSE,Washington,HGA 76.pdf,FALSE,FALSE
Other Varieties,1662,2016,FALSE,Washington,HGA 76.pdf,FALSE,FALSE
Total Washington,1748,2016,TRUE,Washington,HGA 76.pdf,FALSE,FALSE
Total Pacific Northwest,1713,2016,TRUE,Pacific Northwest,HGA 76.pdf,FALSE,FALSE
Apollo,2054,2013,FALSE,Idaho,HGA 9.pdf,FALSE,FALSE
Bravo,2635,2013,FALSE,Idaho,HGA 9.pdf,FALSE,FALSE
Cascade,1224,2013,FALSE,Idaho,HGA 9.pdf,FALSE,FALSE
Centennial,1004,2013,FALSE,Idaho,HGA 9.pdf,FALSE,FALSE
Citra HBC 394,1011,2013,FALSE,Idaho,HGA 9.pdf,FALSE,TRUE
Chinook,1801,2013,FALSE,Idaho,HGA 9.pdf,FALSE,FALSE
El Dorado,971,2013,FALSE,Idaho,HGA 9.pdf,FALSE,TRUE
Super Galena,2287,2013,FALSE,Idaho,HGA 9.pdf,FALSE,FALSE
Zeus,3049,2013,FALSE,Idaho,HGA 9.pdf,FALSE,FALSE
Experimental,2800,2013,FALSE,Idaho,HGA 9.pdf,FALSE,FALSE
Other Varieties,1063,2013,FALSE,Idaho,HGA 9.pdf,FALSE,FALSE
Total Idaho,1741,2013,TRUE,Idaho,HGA 9.pdf,FALSE,FALSE
Cascade,1483,2013,FALSE,Oregon,HGA 9.pdf,FALSE,FALSE
Centennial,1585,2013,FALSE,Oregon,HGA 9.pdf,FALSE,FALSE
Fuggle,827,2013,FALSE,Oregon,HGA 9.pdf,FALSE,FALSE
Golding,1148,2013,FALSE,Oregon,HGA 9.pdf,FALSE,FALSE
Liberty,,2013,FALSE,Oregon,HGA 9.pdf,FALSE,FALSE
Magnum,1406,2013,FALSE,Oregon,HGA 9.pdf,FALSE,FALSE
Mt. Hood,1567,2013,FALSE,Oregon,HGA 9.pdf,FALSE,FALSE
Nugget,2053,2013,FALSE,Oregon,HGA 9.pdf,FALSE,FALSE
Perle,1178,2013,FALSE,Oregon,HGA 9.pdf,FALSE,FALSE
Sterling,1621,2013,FALSE,Oregon,HGA 9.pdf,FALSE,FALSE
Super Galena,2557,2013,FALSE,Oregon,HGA 9.pdf,FALSE,FALSE
Tettnanger,,2013,FALSE,Oregon,HGA 9.pdf,FALSE,FALSE
Willamette,1491,2013,FALSE,Oregon,HGA 9.pdf,FALSE,FALSE
Experimental,1734,2013,FALSE,Oregon,HGA 9.pdf,FALSE,FALSE
Other Varieties,1931,2013,FALSE,Oregon,HGA 9.pdf,FALSE,FALSE
Total Oregon,1786,2013,TRUE,Oregon,HGA 9.pdf,FALSE,FALSE
Ahtanum YCR 1,1647,2013,FALSE,Washington,HGA 9.pdf,FALSE,FALSE
Apollo,2993,2013,FALSE,Washington,HGA 9.pdf,FALSE,FALSE
Bravo,3076,2013,FALSE,Washington,HGA 9.pdf,FALSE,FALSE
Cascade,1723,2013,FALSE,Washington,HGA 9.pdf,FALSE,FALSE
Centennial,1554,2013,FALSE,Washington,HGA 9.pdf,FALSE,FALSE
Chinook,1987,2013,FALSE,Washington,HGA 9.pdf,FALSE,FALSE
Citra HBC 394,1405,2013,FALSE,Washington,HGA 9.pdf,FALSE,TRUE
Cluster,1948,2013,FALSE,Washington,HGA 9.pdf,FALSE,FALSE
Columbus/Tomahawk,2571,2013,FALSE,Washington,HGA 9.pdf,FALSE,TRUE
Crystal,1286,2013,FALSE,Washington,HGA 9.pdf,FALSE,FALSE
El Dorado,1761,2013,FALSE,Washington,HGA 9.pdf,FALSE,TRUE
Galena,1969,2013,FALSE,Washington,HGA 9.pdf,FALSE,FALSE
Glacier,1258,2013,FALSE,Washington,HGA 9.pdf,FALSE,FALSE
Golding,1010,2013,FALSE,Washington,HGA 9.pdf,FALSE,FALSE
Mosaic HBC 369,1709,2013,FALSE,Washington,HGA 9.pdf,TRUE,FALSE
Millennium,2266,2013,FALSE,Washington,HGA 9.pdf,FALSE,FALSE
Mt. Hood,1161,2013,FALSE,Washington,HGA 9.pdf,FALSE,FALSE
Northern Brewer,1256,2013,FALSE,Washington,HGA 9.pdf,FALSE,FALSE
Nugget,1931,2013,FALSE,Washington,HGA 9.pdf,FALSE,FALSE
Simcoe YCR 14,1682,2013,FALSE,Washington,HGA 9.pdf,FALSE,TRUE
Summit,1873,2013,FALSE,Washington,HGA 9.pdf,TRUE,FALSE
Super Galena,2812,2013,FALSE,Washington,HGA 9.pdf,FALSE,FALSE
Tettnanger,755,2013,FALSE,Washington,HGA 9.pdf,FALSE,FALSE
Vanguard,1349,2013,FALSE,Washington,HGA 9.pdf,FALSE,FALSE
Willamette,1240,2013,FALSE,Washington,HGA 9.pdf,FALSE,FALSE
Palisade YCR 4,2790,2013,FALSE,Washington,HGA 9.pdf,FALSE,TRUE
Warrior YCR 5,2169,2013,FALSE,Washington,HGA 9.pdf,FALSE,TRUE
Zeus,2940,2013,FALSE,Washington,HGA 9.pdf,FALSE,FALSE
Experimental,1562,2013,FALSE,Washington,HGA 9.pdf,FALSE,FALSE
Other,1697,2013,FALSE,Washington,HGA 9.pdf,FALSE,FALSE
Total Washington,2029,2013,TRUE,Washington,HGA 9.pdf,FALSE,FALSE
Total United States,1969,2013,TRUE,United States,HGA 9.pdf,FALSE,FALSE
