Variety,Yield,Year,State
ALL CLASSES,1484,2000,Idaho
ALL CLASSES,1785,2000,Oregon
ALL CLASSES,1871,2000,Us Total
ALL CLASSES,1937,2000,Washington
ALL CLASSES,1329,2001,Idaho
ALL CLASSES,1875,2001,Oregon
ALL CLASSES,1861,2001,Us Total
ALL CLASSES,1928,2001,Washington
ALL CLASSES,1624,2002,Idaho
ALL CLASSES,1692,2002,Oregon
ALL CLASSES,1990,2002,Us Total
ALL CLASSES,2133,2002,Washington
ALL CLASSES,1536,2003,Idaho
ALL CLASSES,1626,2003,Oregon
ALL CLASSES,1903,2003,Us Total
ALL CLASSES,2050,2003,Washington
ALL CLASSES,1588,2004,Idaho
ALL CLASSES,1686,2004,Oregon
ALL CLASSES,1990,2004,Us Total
ALL CLASSES,2137,2004,Washington
ALL CLASSES,1640,2005,Idaho
ALL CLASSES,1560,2005,Oregon
ALL CLASSES,1796,2005,Us Total
ALL CLASSES,1878,2005,Washington
ALL CLASSES,1613,2006,Idaho
ALL CLASSES,1757,2006,Oregon
ALL CLASSES,1964,2006,Us Total
ALL CLASSES,2058,2006,Washington
ALL CLASSES,1417,2007,Idaho
ALL CLASSES,1811,2007,Oregon
ALL CLASSES,1949,2007,Us Total
ALL CLASSES,2049,2007,Washington
ALL CLASSES,1841,2008,Idaho
ALL CLASSES,1569,2008,Oregon
ALL CLASSES,1971,2008,Us Total
ALL CLASSES,2072,2008,Washington
ALL CLASSES,1943,2009,Idaho
ALL CLASSES,1948,2009,Oregon
ALL CLASSES,2383,2009,Us Total
ALL CLASSES,2533,2009,Washington
ALL CLASSES,2129,2010,Idaho
ALL CLASSES,1791,2010,Oregon
ALL CLASSES,2093,2010,Us Total
ALL CLASSES,2147,2010,Washington
ALL CLASSES,2408,2011,Idaho
ALL CLASSES,1908,2011,Oregon
ALL CLASSES,2175,2011,Us Total
ALL CLASSES,2200,2011,Washington
ALL CLASSES,1841,2012,Idaho
ALL CLASSES,1746,2012,Oregon
ALL CLASSES,1985,2012,Us Total
ALL CLASSES,2047,2012,Washington
ALL CLASSES,1740,2013,Idaho
APOLLO,2230,2013,Idaho
BRAVO,2430,2013,Idaho
CASCADE,1224,2013,Idaho
CENTENNIAL,1004,2013,Idaho
CHINOOK,1801,2013,Idaho
CITRA HBC 394,1011,2013,Idaho
EL DORADO,971,2013,Idaho
EXPERIMENTAL,2800,2013,Idaho
OTHER VARIETIES,1063,2013,Idaho
SUPER GALENA,2201,2013,Idaho
ZEUS,3049,2013,Idaho
ALL CLASSES,1764,2013,Oregon
CASCADE,1483,2013,Oregon
CENTENNIAL,1585,2013,Oregon
EXPERIMENTAL,1734,2013,Oregon
FUGGLE,827,2013,Oregon
GOLDING,1148,2013,Oregon
HALLERTAUER MAGNUM,1406,2013,Oregon
MT. HOOD,1567,2013,Oregon
NUGGET,2053,2013,Oregon
OTHER VARIETIES,1931,2013,Oregon
PERLE,1178,2013,Oregon
STERLING,1621,2013,Oregon
SUPER GALENA,1852,2013,Oregon
WILLAMETTE,1491,2013,Oregon
ALL CLASSES,1962,2013,Us Total
AHTANUM YCR 1,1647,2013,Washington
ALL CLASSES,2025,2013,Washington
APOLLO,2926,2013,Washington
BRAVO,2860,2013,Washington
C/T/Z,2571,2013,Washington
CASCADE,1723,2013,Washington
CENTENNIAL,1554,2013,Washington
CHINOOK,1987,2013,Washington
CITRA HBC 394,1405,2013,Washington
CLUSTER,1948,2013,Washington
CRYSTAL,1286,2013,Washington
EL DORADO,1761,2013,Washington
EXPERIMENTAL,1562,2013,Washington
FUGGLE,,2013,Washington
GALENA,1969,2013,Washington
GLACIER,1258,2013,Washington
GOLDING,1010,2013,Washington
HALLERTAUER MAGNUM,,2013,Washington
HALLERTAUER MITTELFRUHER,,2013,Washington
LIBERTY,,2013,Washington
MILLENNIUM,2266,2013,Washington
MOSAIC HBC 369,1709,2013,Washington
MT. HOOD,1161,2013,Washington
NORTHERN BREWER,1256,2013,Washington
NUGGET,1931,2013,Washington
OTHER VARIETIES,1697,2013,Washington
PALISADE YCR 4,2790,2013,Washington
SIMCOE YCR 14,1682,2013,Washington
STERLING,,2013,Washington
SUMMIT,1873,2013,Washington
SUPER GALENA,2816,2013,Washington
TETTNANGER,755,2013,Washington
VANGUARD,1349,2013,Washington
WARRIOR YCR 5,2169,2013,Washington
WILLAMETTE,1240,2013,Washington
ZEUS,2940,2013,Washington
ALL CLASSES,1847,2014,Idaho
APOLLO,2004,2014,Idaho
BRAVO,2579,2014,Idaho
CASCADE,1746,2014,Idaho
CENTENNIAL,754,2014,Idaho
CHINOOK,1673,2014,Idaho
CITRA HBC 394,1200,2014,Idaho
CRYSTAL,2186,2014,Idaho
EL DORADO,1144,2014,Idaho
EXPERIMENTAL,1366,2014,Idaho
OTHER VARIETIES,1354,2014,Idaho
SIMCOE YCR 14,969,2014,Idaho
SUPER GALENA,2165,2014,Idaho
ZEUS,2891,2014,Idaho
ALL CLASSES,1520,2014,Oregon
CASCADE,1402,2014,Oregon
CENTENNIAL,1095,2014,Oregon
GOLDING,955,2014,Oregon
HALLERTAUER MAGNUM,1077,2014,Oregon
MT. HOOD,1450,2014,Oregon
NUGGET,1978,2014,Oregon
OTHER VARIETIES,1426,2014,Oregon
PERLE,1057,2014,Oregon
STERLING,1423,2014,Oregon
SUPER GALENA,2309,2014,Oregon
WILLAMETTE,1453,2014,Oregon
ALL CLASSES,1868,2014,Us Total
AHTANUM YCR 1,1680,2014,Washington
ALL CLASSES,1936,2014,Washington
APOLLO,2649,2014,Washington
AZACCA ADHA-483,1704,2014,Washington
BRAVO,2768,2014,Washington
C/T/Z,2629,2014,Washington
CASCADE,1824,2014,Washington
CENTENNIAL,1347,2014,Washington
CHINOOK,1815,2014,Washington
CITRA HBC 394,1570,2014,Washington
CLUSTER,1825,2014,Washington
CRYSTAL,1366,2014,Washington
EL DORADO,2206,2014,Washington
EXPERIMENTAL,1625,2014,Washington
GALENA,1801,2014,Washington
GLACIER,1202,2014,Washington
GOLDING,772,2014,Washington
HALLERTAUER MITTELFRUHER,,2014,Washington
JARRYLO ADHA-881,1548,2014,Washington
MILLENNIUM,1996,2014,Washington
MOSAIC HBC 369,2225,2014,Washington
MT. HOOD,1333,2014,Washington
NORTHERN BREWER,1244,2014,Washington
NUGGET,1583,2014,Washington
OTHER VARIETIES,1418,2014,Washington
PALISADE YCR 4,2469,2014,Washington
SIMCOE YCR 14,1542,2014,Washington
SUMMIT,2105,2014,Washington
SUPER GALENA,2562,2014,Washington
VANGUARD,1455,2014,Washington
WARRIOR YCR 5,1821,2014,Washington
WILLAMETTE,1130,2014,Washington
ZEUS,2811,2014,Washington
ALL CLASSES,1794,2015,Idaho
APOLLO,2062,2015,Idaho
BRAVO,2625,2015,Idaho
CALYPSO,1710,2015,Idaho
CASCADE,1633,2015,Idaho
CHINOOK,1850,2015,Idaho
CITRA HBC 394,1271,2015,Idaho
EL DORADO,1125,2015,Idaho
EXPERIMENTAL,1269,2015,Idaho
MOSAIC HBC 369,2278,2015,Idaho
OTHER VARIETIES,1348,2015,Idaho
SIMCOE YCR 14,1576,2015,Idaho
SUPER GALENA,2189,2015,Idaho
ZEUS,2909,2015,Idaho
ALL CLASSES,1613,2015,Oregon
CASCADE,1994,2015,Oregon
CENTENNIAL,1352,2015,Oregon
CHINOOK,1860,2015,Oregon
CITRA HBC 394,980,2015,Oregon
CRYSTAL,2011,2015,Oregon
FUGGLE,1066,2015,Oregon
GOLDING,837,2015,Oregon
HALLERTAUER MAGNUM,1572,2015,Oregon
LIBERTY,1360,2015,Oregon
MT. HOOD,1276,2015,Oregon
NUGGET,1888,2015,Oregon
OTHER VARIETIES,1609,2015,Oregon
SIMCOE YCR 14,1678,2015,Oregon
STERLING,1344,2015,Oregon
SUPER GALENA,2340,2015,Oregon
TETTNANGER,1242,2015,Oregon
WILLAMETTE,1226,2015,Oregon
ALL CLASSES,1807,2015,Us Total
AHTANUM YCR 1,1557,2015,Washington
ALL CLASSES,1849,2015,Washington
APOLLO,2738,2015,Washington
AZACCA ADHA-483,1872,2015,Washington
BRAVO,2824,2015,Washington
C/T/Z,2524,2015,Washington
CASCADE,1936,2015,Washington
CENTENNIAL,1145,2015,Washington
CHINOOK,1793,2015,Washington
CITRA HBC 394,1541,2015,Washington
CLUSTER,1705,2015,Washington
COMET,1780,2015,Washington
CRYSTAL,1183,2015,Washington
EL DORADO,2154,2015,Washington
EXPERIMENTAL,1546,2015,Washington
GALENA,1968,2015,Washington
GLACIER,996,2015,Washington
GOLDING,854,2015,Washington
HALLERTAUER MAGNUM,1255,2015,Washington
HALLERTAUER MITTELFRUHER,,2015,Washington
JARRYLO ADHA-881,1541,2015,Washington
MOSAIC HBC 369,2036,2015,Washington
MT. HOOD,1069,2015,Washington
NORTHERN BREWER,991,2015,Washington
NUGGET,1927,2015,Washington
OTHER VARIETIES,1603,2015,Washington
PALISADE YCR 4,1950,2015,Washington
SIMCOE YCR 14,1540,2015,Washington
SUMMIT,1969,2015,Washington
SUPER GALENA,2729,2015,Washington
VANGUARD,1223,2015,Washington
WILLAMETTE,1007,2015,Washington
ZEUS,2819,2015,Washington
ALL CLASSES,1646,2016,Idaho
AMARILLO VGXP01,,2016,Idaho
APOLLO,1893,2016,Idaho
BRAVO,2359,2016,Idaho
CALYPSO,1937,2016,Idaho
CASCADE,1585,2016,Idaho
CENTENNIAL,,2016,Idaho
CHINOOK,1712,2016,Idaho
CITRA HBC 394,1213,2016,Idaho
CRYSTAL,1678,2016,Idaho
EL DORADO,1658,2016,Idaho
EXPERIMENTAL,1000,2016,Idaho
MOSAIC HBC 369,2204,2016,Idaho
OTHER VARIETIES,1174,2016,Idaho
SIMCOE YCR 14,1335,2016,Idaho
SUPER GALENA,1872,2016,Idaho
WILLAMETTE,,2016,Idaho
ZEUS,2761,2016,Idaho
ALL CLASSES,1596,2016,Oregon
CASCADE,1597,2016,Oregon
CENTENNIAL,1235,2016,Oregon
CHINOOK,1675,2016,Oregon
CITRA HBC 394,1047,2016,Oregon
CRYSTAL,2216,2016,Oregon
FUGGLE,1021,2016,Oregon
GOLDING,,2016,Oregon
HALLERTAUER MAGNUM,1493,2016,Oregon
MOSAIC HBC 369,,2016,Oregon
MT. HOOD,1463,2016,Oregon
NUGGET,1925,2016,Oregon
OTHER VARIETIES,1546,2016,Oregon
PERLE,,2016,Oregon
SIMCOE YCR 14,1969,2016,Oregon
STERLING,1626,2016,Oregon
SUPER GALENA,,2016,Oregon
TETTNANGER,1193,2016,Oregon
WILLAMETTE,1573,2016,Oregon
ALL CLASSES,1713,2016,Us Total
AHTANUM YCR 1,1012,2016,Washington
ALL CLASSES,1748,2016,Washington
AMARILLO VGXP01,,2016,Washington
APOLLO,2225,2016,Washington
AZACCA ADHA-483,1870,2016,Washington
BRAVO,2671,2016,Washington
C/T/Z,1969,2016,Washington
CASCADE,1727,2016,Washington
CENTENNIAL,1355,2016,Washington
CHINOOK,1420,2016,Washington
CITRA HBC 394,1543,2016,Washington
CLUSTER,1700,2016,Washington
COMET,949,2016,Washington
CRYSTAL,1475,2016,Washington
EKUANOT HBC 366,,2016,Washington
EL DORADO,1904,2016,Washington
EUREKA!,,2016,Washington
EXPERIMENTAL,1592,2016,Washington
GALENA,1692,2016,Washington
GLACIER,1168,2016,Washington
GOLDING,,2016,Washington
HALLERTAUER MAGNUM,,2016,Washington
JARRYLO ADHA-881,1408,2016,Washington
MOSAIC HBC 369,2326,2016,Washington
MT. HOOD,1075,2016,Washington
NORTHERN BREWER,,2016,Washington
NUGGET,1774,2016,Washington
OTHER VARIETIES,1662,2016,Washington
PALISADE YCR 4,2228,2016,Washington
SIMCOE YCR 14,1673,2016,Washington
SUMMIT,1648,2016,Washington
SUPER GALENA,2501,2016,Washington
TAHOMA,,2016,Washington
TETTNANGER,,2016,Washington
WILLAMETTE,1277,2016,Washington
ZEUS,2469,2016,Washington
ALL CLASSES,1974,2017,Idaho
AMARILLO VGXP01,1569,2017,Idaho
APOLLO,1798,2017,Idaho
BRAVO,2799,2017,Idaho
CALYPSO,2159,2017,Idaho
CASCADE,1771,2017,Idaho
CENTENNIAL,2028,2017,Idaho
CHINOOK,1665,2017,Idaho
CITRA HBC 394,1657,2017,Idaho
CLUSTER,,2017,Idaho
COMET,,2017,Idaho
CRYSTAL,2084,2017,Idaho
EL DORADO,2163,2017,Idaho
EXPERIMENTAL,611,2017,Idaho
MOSAIC HBC 369,2581,2017,Idaho
OTHER VARIETIES,1959,2017,Idaho
SIMCOE YCR 14,1494,2017,Idaho
SUPER GALENA,,2017,Idaho
WILLAMETTE,1689,2017,Idaho
ZEUS,2756,2017,Idaho
ALL CLASSES,1518,2017,Oregon
CASCADE,1425,2017,Oregon
CENTENNIAL,1273,2017,Oregon
CHINOOK,1667,2017,Oregon
CITRA HBC 394,1475,2017,Oregon
CRYSTAL,1772,2017,Oregon
EXPERIMENTAL,,2017,Oregon
FUGGLE,1251,2017,Oregon
GOLDING,1181,2017,Oregon
HALLERTAUER MAGNUM,1714,2017,Oregon
LIBERTY,,2017,Oregon
MOSAIC HBC 369,1875,2017,Oregon
MT. HOOD,1439,2017,Oregon
NUGGET,1820,2017,Oregon
OTHER VARIETIES,1573,2017,Oregon
PERLE,1164,2017,Oregon
SIMCOE YCR 14,1421,2017,Oregon
STERLING,1407,2017,Oregon
SUPER GALENA,2096,2017,Oregon
TETTNANGER,1013,2017,Oregon
WILLAMETTE,1324,2017,Oregon
ALL CLASSES,1956,2017,Us Total
AHTANUM YCR 1,1052,2017,Washington
ALL CLASSES,2046,2017,Washington
AMARILLO VGXP01,1687,2017,Washington
APOLLO,2729,2017,Washington
AZACCA ADHA-483,2463,2017,Washington
BRAVO,2973,2017,Washington
C/T/Z,2646,2017,Washington
CASCADE,2124,2017,Washington
CENTENNIAL,1703,2017,Washington
CHINOOK,1784,2017,Washington
CITRA HBC 394,1748,2017,Washington
CLUSTER,1937,2017,Washington
COMET,1855,2017,Washington
CRYSTAL,2063,2017,Washington
EKUANOT HBC 366,2740,2017,Washington
EL DORADO,1946,2017,Washington
EUREKA!,2244,2017,Washington
EXPERIMENTAL,1901,2017,Washington
GALENA,2134,2017,Washington
GLACIER,,2017,Washington
GOLDING,,2017,Washington
HALLERTAUER MAGNUM,,2017,Washington
JARRYLO ADHA-881,,2017,Washington
LORAL HBC 291,2295,2017,Washington
MOSAIC HBC 369,2439,2017,Washington
MT. HOOD,1043,2017,Washington
NORTHERN BREWER,,2017,Washington
NUGGET,1950,2017,Washington
OTHER VARIETIES,1746,2017,Washington
PALISADE YCR 4,2209,2017,Washington
SIMCOE YCR 14,1792,2017,Washington
SUMMIT,2067,2017,Washington
SUPER GALENA,2647,2017,Washington
TAHOMA,1752,2017,Washington
TETTNANGER,1202,2017,Washington
VANGUARD,,2017,Washington
WILLAMETTE,1446,2017,Washington
ZEUS,3088,2017,Washington
ALL CLASSES,1995,2018,Idaho
AMARILLO VGXP01,2009,2018,Idaho
APOLLO,1951,2018,Idaho
BRAVO,2226,2018,Idaho
CALYPSO,2138,2018,Idaho
CASCADE,1716,2018,Idaho
CENTENNIAL,,2018,Idaho
CHINOOK,1873,2018,Idaho
CITRA HBC 394,1438,2018,Idaho
CLUSTER,2126,2018,Idaho
COMET,,2018,Idaho
CRYSTAL,1927,2018,Idaho
EL DORADO,1463,2018,Idaho
EUREKA!,2299,2018,Idaho
EXPERIMENTAL,,2018,Idaho
GALENA,1715,2018,Idaho
MOSAIC HBC 369,2333,2018,Idaho
OTHER VARIETIES,1845,2018,Idaho
SIMCOE YCR 14,1245,2018,Idaho
SUPER GALENA,2493,2018,Idaho
WILLAMETTE,,2018,Idaho
ZEUS,2764,2018,Idaho
ALL CLASSES,1675,2018,Oregon
CASCADE,1623,2018,Oregon
CENTENNIAL,1277,2018,Oregon
CHINOOK,1674,2018,Oregon
CITRA HBC 394,1600,2018,Oregon
CRYSTAL,1819,2018,Oregon
EXPERIMENTAL,,2018,Oregon
FUGGLE,1034,2018,Oregon
GOLDING,1160,2018,Oregon
HALLERTAUER MAGNUM,1284,2018,Oregon
MOSAIC HBC 369,,2018,Oregon
MT. HOOD,1411,2018,Oregon
NUGGET,1946,2018,Oregon
OTHER VARIETIES,2068,2018,Oregon
PERLE,1093,2018,Oregon
SIMCOE YCR 14,1588,2018,Oregon
STERLING,1760,2018,Oregon
SUPER GALENA,2216,2018,Oregon
TETTNANGER,1027,2018,Oregon
WILLAMETTE,1489,2018,Oregon
ALL CLASSES,1943,2018,Us Total
AHTANUM YCR 1,2730,2018,Washington
ALL CLASSES,1984,2018,Washington
AMARILLO VGXP01,1868,2018,Washington
APOLLO,2848,2018,Washington
AZACCA ADHA-483,2491,2018,Washington
BRAVO,3258,2018,Washington
C/T/Z,2482,2018,Washington
CASCADE,1972,2018,Washington
CASHMERE,1519,2018,Washington
CENTENNIAL,1364,2018,Washington
CHINOOK,1875,2018,Washington
CITRA HBC 394,1611,2018,Washington
CLUSTER,1813,2018,Washington
COMET,1750,2018,Washington
CRYSTAL,2357,2018,Washington
EKUANOT HBC 366,2583,2018,Washington
EL DORADO,1880,2018,Washington
EUREKA!,2954,2018,Washington
EXPERIMENTAL,1889,2018,Washington
GALENA,2149,2018,Washington
PAHTO HBC 682,2087,2018,Washington
JARRYLO ADHA-881,,2018,Washington
LORAL HBC 291,2349,2018,Washington
MOSAIC HBC 369,2351,2018,Washington
MT. HOOD,1454,2018,Washington
MT. RAINIER,1899,2018,Washington
NUGGET,1498,2018,Washington
OTHER VARIETIES,1896,2018,Washington
PALISADE YCR 4,2441,2018,Washington
PEKKO ADHA-871,1889,2018,Washington
SIMCOE YCR 14,1642,2018,Washington
SORACHI ACE,1042,2018,Washington
SUMMIT,1826,2018,Washington
SUPER GALENA,3133,2018,Washington
TAHOMA,2147,2018,Washington
WILLAMETTE,1348,2018,Washington
ZEUS,2619,2018,Washington
ALL CLASSES,2034,2019,Idaho
AMARILLO VGXP01,1560,2019,Idaho
APOLLO,,2019,Idaho
BRAVO,,2019,Idaho
C/T/Z,3002,2019,Idaho
CALYPSO,1901,2019,Idaho
CASCADE,1823,2019,Idaho
CASHMERE,,2019,Idaho
CENTENNIAL,,2019,Idaho
CHINOOK,2215,2019,Idaho
CITRA HBC 394,1532,2019,Idaho
CLUSTER,,2019,Idaho
COMET,1970,2019,Idaho
CRYSTAL,1971,2019,Idaho
EKUANOT HBC 366,,2019,Idaho
EL DORADO,1352,2019,Idaho
EUREKA!,2243,2019,Idaho
EXPERIMENTAL,,2019,Idaho
GALENA,1773,2019,Idaho
HALLERTAUER MAGNUM,,2019,Idaho
HALLERTAUER MITTELFRUHER,1253,2019,Idaho
PAHTO HBC 682,,2019,Idaho
IDAHO 7,2562,2019,Idaho
MOSAIC HBC 369,2296,2019,Idaho
NORTHERN BREWER,1407,2019,Idaho
OTHER VARIETIES,1971,2019,Idaho
PALISADE YCR 4,,2019,Idaho
SAAZ,771,2019,Idaho
SABRO HBC 438,,2019,Idaho
SIMCOE YCR 14,1164,2019,Idaho
SUPER GALENA,,2019,Idaho
WARRIOR YCR 5,,2019,Idaho
WILLAMETTE,1695,2019,Idaho
ZEUS,2672,2019,Idaho
ALL CLASSES,1783,2019,Oregon
AMARILLO VGXP01,2312,2019,Oregon
BULLION,,2019,Oregon
CASCADE,1620,2019,Oregon
CENTENNIAL,1661,2019,Oregon
CHINOOK,1733,2019,Oregon
CITRA HBC 394,1476,2019,Oregon
COMET,,2019,Oregon
CRYSTAL,1943,2019,Oregon
DELTA,,2019,Oregon
EKUANOT HBC 366,,2019,Oregon
EL DORADO,,2019,Oregon
EXPERIMENTAL,,2019,Oregon
FUGGLE,1243,2019,Oregon
GOLDING,1351,2019,Oregon
HALLERTAUER MAGNUM,,2019,Oregon
HALLERTAUER MITTELFRUHER,,2019,Oregon
LIBERTY,,2019,Oregon
MERIDIAN,,2019,Oregon
MILLENNIUM,,2019,Oregon
MOSAIC HBC 369,2113,2019,Oregon
MT. HOOD,1538,2019,Oregon
MT. RAINIER,,2019,Oregon
NORTHERN BREWER,,2019,Oregon
NUGGET,2130,2019,Oregon
OTHER VARIETIES,1644,2019,Oregon
PEKKO ADHA-871,,2019,Oregon
PERLE,,2019,Oregon
SIMCOE YCR 14,1845,2019,Oregon
SORACHI ACE,,2019,Oregon
STERLING,1643,2019,Oregon
STRATA OR 91331,2066,2019,Oregon
SUPER GALENA,2580,2019,Oregon
TETTNANGER,,2019,Oregon
WILLAMETTE,1717,2019,Oregon
ALL CLASSES,1981,2019,Us Total
AHTANUM YCR 1,2820,2019,Washington
ALL CLASSES,2006,2019,Washington
AMARILLO VGXP01,1946,2019,Washington
APOLLO,2735,2019,Washington
AZACCA ADHA-483,2441,2019,Washington
BITTER GOLD,,2019,Washington
BRAVO,3216,2019,Washington
C/T/Z,2584,2019,Washington
CALYPSO,,2019,Washington
CASCADE,1920,2019,Washington
CASHMERE,1699,2019,Washington
CENTENNIAL,1820,2019,Washington
CHINOOK,1942,2019,Washington
CITRA HBC 394,1424,2019,Washington
CLUSTER,1815,2019,Washington
COMET,1311,2019,Washington
CRYSTAL,1989,2019,Washington
DELTA,,2019,Washington
EKUANOT HBC 366,2483,2019,Washington
EL DORADO,2032,2019,Washington
EUREKA!,3188,2019,Washington
EXPERIMENTAL,2251,2019,Washington
FUGGLE,,2019,Washington
GALENA,2045,2019,Washington
GLACIER,,2019,Washington
GOLDING,,2019,Washington
HALLERTAUER MAGNUM,,2019,Washington
PAHTO HBC 682,2398,2019,Washington
HORIZON,,2019,Washington
IDAHO 7,1544,2019,Washington
JARRYLO ADHA-881,,2019,Washington
LEMONDROP,,2019,Washington
LORAL HBC 291,2515,2019,Washington
MILLENNIUM,,2019,Washington
MOSAIC HBC 369,2054,2019,Washington
MT. HOOD,1037,2019,Washington
MT. RAINIER,2149,2019,Washington
NORTHERN BREWER,,2019,Washington
NUGGET,2313,2019,Washington
OTHER VARIETIES,1888,2019,Washington
PALISADE YCR 4,2520,2019,Washington
PEKKO ADHA-871,,2019,Washington
SABRO HBC 438,1612,2019,Washington
SIMCOE YCR 14,1788,2019,Washington
SORACHI ACE,,2019,Washington
STERLING,,2019,Washington
STRATA OR 91331,,2019,Washington
SUMMIT,1816,2019,Washington
SUPER GALENA,2871,2019,Washington
TAHOMA,1958,2019,Washington
TETTNANGER,,2019,Washington
VANGUARD,,2019,Washington
WARRIOR YCR 5,,2019,Washington
WILLAMETTE,1596,2019,Washington
ZEUS,2620,2019,Washington
ALL CLASSES,1855,2020,Idaho
AMARILLO VGXP01,1576,2020,Idaho
APOLLO,,2020,Idaho
BRAVO,,2020,Idaho
C/T/Z,2673,2020,Idaho
CALYPSO,,2020,Idaho
CASCADE,1213,2020,Idaho
CASHMERE,1578,2020,Idaho
CENTENNIAL,,2020,Idaho
CHINOOK,1614,2020,Idaho
CITRA HBC 394,1686,2020,Idaho
CLUSTER,,2020,Idaho
COMET,1740,2020,Idaho
CRYSTAL,,2020,Idaho
EKUANOT HBC 366,,2020,Idaho
EL DORADO,1590,2020,Idaho
EUREKA!,,2020,Idaho
GALENA,,2020,Idaho
HALLERTAUER MAGNUM,,2020,Idaho
HALLERTAUER MITTELFRUHER,614,2020,Idaho
PAHTO HBC 682,,2020,Idaho
IDAHO 7,2442,2020,Idaho
MOSAIC HBC 369,2335,2020,Idaho
MT. RAINIER,,2020,Idaho
NORTHERN BREWER,1432,2020,Idaho
OTHER VARIETIES,1567,2020,Idaho
PALISADE YCR 4,,2020,Idaho
SAAZ,,2020,Idaho
SABRO HBC 438,,2020,Idaho
SIMCOE YCR 14,992,2020,Idaho
SUPER GALENA,,2020,Idaho
TRIUMPH,365,2020,Idaho
WARRIOR YCR 5,,2020,Idaho
WILLAMETTE,,2020,Idaho
ALL CLASSES,1755,2020,Oregon
AMARILLO VGXP01,2360,2020,Oregon
CASCADE,1639,2020,Oregon
CENTENNIAL,1675,2020,Oregon
CHINOOK,1481,2020,Oregon
CITRA HBC 394,1506,2020,Oregon
COMET,,2020,Oregon
DELTA,,2020,Oregon
EL DORADO,,2020,Oregon
EXPERIMENTAL,,2020,Oregon
FUGGLE,,2020,Oregon
GOLDING,,2020,Oregon
HALLERTAUER MAGNUM,,2020,Oregon
HALLERTAUER MITTELFRUHER,,2020,Oregon
IDAHO 7,,2020,Oregon
LIBERTY,2289,2020,Oregon
MERIDIAN,,2020,Oregon
MILLENNIUM,,2020,Oregon
MOSAIC HBC 369,2155,2020,Oregon
MT. HOOD,1551,2020,Oregon
MT. RAINIER,,2020,Oregon
NUGGET,1841,2020,Oregon
OTHER VARIETIES,1479,2020,Oregon
PEKKO ADHA-871,,2020,Oregon
PERLE,,2020,Oregon
SABRO HBC 438,870,2020,Oregon
SIMCOE YCR 14,1823,2020,Oregon
SORACHI ACE,,2020,Oregon
STERLING,1728,2020,Oregon
STRATA OR 91331,2068,2020,Oregon
SUPER GALENA,2801,2020,Oregon
TAHOMA,,2020,Oregon
TETTNANGER,,2020,Oregon
TRIUMPH,,2020,Oregon
WILLAMETTE,1857,2020,Oregon
ALL CLASSES,1770,2020,Us Total
AHTANUM YCR 1,2134,2020,Washington
ALL CLASSES,1754,2020,Washington
AMARILLO VGXP01,1649,2020,Washington
APOLLO,2248,2020,Washington
AZACCA ADHA-483,1527,2020,Washington
BITTER GOLD,,2020,Washington
BRAVO,2308,2020,Washington
C/T/Z,2176,2020,Washington
CALYPSO,,2020,Washington
CASCADE,1551,2020,Washington
CASHMERE,1514,2020,Washington
CENTENNIAL,1640,2020,Washington
CHINOOK,1665,2020,Washington
CITRA HBC 394,1526,2020,Washington
CLUSTER,2065,2020,Washington
COMET,872,2020,Washington
CRYSTAL,,2020,Washington
DELTA,,2020,Washington
EKUANOT HBC 366,2158,2020,Washington
EL DORADO,1516,2020,Washington
EUREKA!,2332,2020,Washington
EXPERIMENTAL,1207,2020,Washington
GALENA,1838,2020,Washington
GLACIER,,2020,Washington
HALLERTAUER MAGNUM,,2020,Washington
PAHTO HBC 682,2019,2020,Washington
HORIZON,,2020,Washington
IDAHO 7,1736,2020,Washington
JARRYLO ADHA-881,1428,2020,Washington
LEMONDROP,,2020,Washington
LORAL HBC 291,1874,2020,Washington
LOTUS,,2020,Washington
MILLENNIUM,,2020,Washington
MOSAIC HBC 369,1998,2020,Washington
MT. HOOD,1139,2020,Washington
MT. RAINIER,1586,2020,Washington
NUGGET,,2020,Washington
OTHER VARIETIES,1737,2020,Washington
PALISADE YCR 4,2114,2020,Washington
PEKKO ADHA-871,1239,2020,Washington
SABRO HBC 438,1886,2020,Washington
SIMCOE YCR 14,1643,2020,Washington
SORACHI ACE,,2020,Washington
STERLING,,2020,Washington
STRATA OR 91331,,2020,Washington
SULTANA,,2020,Washington
SUMMIT,1096,2020,Washington
SUPER GALENA,2636,2020,Washington
TAHOMA,1588,2020,Washington
TETTNANGER,,2020,Washington
TRIUMPH,,2020,Washington
VANGUARD,,2020,Washington
WARRIOR YCR 5,1669,2020,Washington
WILLAMETTE,1458,2020,Washington
ALL CLASSES,1900,2021,Idaho
AMARILLO VGXP01,1813,2021,Idaho
APOLLO,,2021,Idaho
BRAVO,,2021,Idaho
C/T/Z,3169,2021,Idaho
CALYPSO,,2021,Idaho
CASCADE,1559,2021,Idaho
CASHMERE,1828,2021,Idaho
CENTENNIAL,,2021,Idaho
CHINOOK,2104,2021,Idaho
CITRA HBC 394,1413,2021,Idaho
CLUSTER,,2021,Idaho
COMET,1663,2021,Idaho
CRYSTAL,,2021,Idaho
EKUANOT HBC 366,,2021,Idaho
EL DORADO,1778,2021,Idaho
EUREKA!,2552,2021,Idaho
EXPERIMENTAL,,2021,Idaho
GALENA,,2021,Idaho
HALLERTAUER MAGNUM,,2021,Idaho
HALLERTAUER MITTELFRUHER,1272,2021,Idaho
IDAHO 7,2837,2021,Idaho
IDAHO GEM,,2021,Idaho
MOSAIC HBC 369,2141,2021,Idaho
MT. RAINIER,985,2021,Idaho
NORTHERN BREWER,1266,2021,Idaho
OTHER VARIETIES,1725,2021,Idaho
PALISADE YCR 4,,2021,Idaho
SAAZ,620,2021,Idaho
SABRO HBC 438,,2021,Idaho
SIMCOE YCR 14,1121,2021,Idaho
SUPER GALENA,,2021,Idaho
TRIUMPH,1063,2021,Idaho
WILLAMETTE,1311,2021,Idaho
ALL CLASSES,1705,2021,Oregon
AMARILLO VGXP01,2186,2021,Oregon
AZACCA ADHA-483,,2021,Oregon
CASCADE,1595,2021,Oregon
CENTENNIAL,1384,2021,Oregon
CHINOOK,1794,2021,Oregon
CITRA HBC 394,1414,2021,Oregon
COMET,,2021,Oregon
CRYSTAL,1816,2021,Oregon
DELTA,,2021,Oregon
EL DORADO,,2021,Oregon
EUREKA!,,2021,Oregon
EXPERIMENTAL,,2021,Oregon
FUGGLE,,2021,Oregon
GOLDING,927,2021,Oregon
HALLERTAUER MAGNUM,,2021,Oregon
HALLERTAUER MITTELFRUHER,,2021,Oregon
IDAHO 7,,2021,Oregon
IDAHO GEM,,2021,Oregon
LIBERTY,1506,2021,Oregon
MERIDIAN,,2021,Oregon
MILLENNIUM,,2021,Oregon
MOSAIC HBC 369,2077,2021,Oregon
MT. HOOD,1624,2021,Oregon
MT. RAINIER,1389,2021,Oregon
NUGGET,2162,2021,Oregon
OTHER VARIETIES,1780,2021,Oregon
PEKKO ADHA-871,,2021,Oregon
PERLE,,2021,Oregon
SABRO HBC 438,1749,2021,Oregon
SIMCOE YCR 14,1643,2021,Oregon
SORACHI ACE,,2021,Oregon
STERLING,1321,2021,Oregon
STRATA OR 91331,1889,2021,Oregon
SUPER GALENA,,2021,Oregon
TAHOMA,,2021,Oregon
TETTNANGER,,2021,Oregon
TRIUMPH,,2021,Oregon
WILLAMETTE,1461,2021,Oregon
ALL CLASSES,1900,2021,Us Total
AHTANUM YCR 1,2211,2021,Washington
ALL CLASSES,1932,2021,Washington
AMARILLO VGXP01,1659,2021,Washington
APOLLO,,2021,Washington
AZACCA ADHA-483,1909,2021,Washington
BITTER GOLD,,2021,Washington
BRAVO,2759,2021,Washington
C/T/Z,2656,2021,Washington
CALYPSO,,2021,Washington
CASCADE,1585,2021,Washington
CASHMERE,1395,2021,Washington
CENTENNIAL,1585,2021,Washington
CHINOOK,1851,2021,Washington
CITRA HBC 394,1580,2021,Washington
CLUSTER,2016,2021,Washington
COMET,1632,2021,Washington
CRYSTAL,,2021,Washington
DELTA,,2021,Washington
EKUANOT HBC 366,2608,2021,Washington
EL DORADO,1876,2021,Washington
EUREKA!,3022,2021,Washington
EXPERIMENTAL,1713,2021,Washington
GALENA,,2021,Washington
GLACIER,,2021,Washington
HALLERTAUER MAGNUM,,2021,Washington
PAHTO HBC 682,2463,2021,Washington
HORIZON,,2021,Washington
IDAHO 7,3197,2021,Washington
IDAHO GEM,,2021,Washington
JARRYLO ADHA-881,,2021,Washington
LEMONDROP,,2021,Washington
LORAL HBC 291,2088,2021,Washington
LOTUS,,2021,Washington
MILLENNIUM,,2021,Washington
MOSAIC HBC 369,2129,2021,Washington
MT. HOOD,,2021,Washington
MT. RAINIER,1635,2021,Washington
NORTHERN BREWER,,2021,Washington
NUGGET,,2021,Washington
OTHER VARIETIES,1934,2021,Washington
PALISADE YCR 4,1866,2021,Washington
PEKKO ADHA-871,2072,2021,Washington
SABRO HBC 438,2207,2021,Washington
SIMCOE YCR 14,1646,2021,Washington
SORACHI ACE,,2021,Washington
STERLING,,2021,Washington
STRATA OR 91331,,2021,Washington
SULTANA,,2021,Washington
SUMMIT,1351,2021,Washington
SUPER GALENA,2849,2021,Washington
TAHOMA,1055,2021,Washington
TETTNANGER,,2021,Washington
TRIUMPH,,2021,Washington
VANGUARD,,2021,Washington
WARRIOR YCR 5,2240,2021,Washington
WILLAMETTE,1200,2021,Washington
ALL CLASSES,1733,2022,Idaho
AMARILLO VGXP01,1458,2022,Idaho
APOLLO,,2022,Idaho
BRAVO,,2022,Idaho
C/T/Z,3027,2022,Idaho
CALYPSO,,2022,Idaho
CASCADE,1494,2022,Idaho
CASHMERE,1622,2022,Idaho
CENTENNIAL,,2022,Idaho
CHINOOK,1467,2022,Idaho
CITRA HBC 394,1515,2022,Idaho
CLUSTER,,2022,Idaho
COMET,1863,2022,Idaho
CRYSTAL,,2022,Idaho
EKUANOT HBC 366,,2022,Idaho
EL DORADO,1766,2022,Idaho
EUREKA!,2200,2022,Idaho
EXPERIMENTAL,,2022,Idaho
GALENA,,2022,Idaho
HALLERTAUER MAGNUM,,2022,Idaho
HALLERTAUER MITTELFRUHER,1649,2022,Idaho
IDAHO 7,2588,2022,Idaho
IDAHO GEM,,2022,Idaho
LOTUS,,2022,Idaho
MOSAIC HBC 369,2103,2022,Idaho
MT. RAINIER,1364,2022,Idaho
NORTHERN BREWER,0,2022,Idaho
OTHER VARIETIES,1617,2022,Idaho
PALISADE YCR 4,,2022,Idaho
SAAZ,955,2022,Idaho
SABRO HBC 438,,2022,Idaho
SIMCOE YCR 14,1208,2022,Idaho
SULTANA,,2022,Idaho
TALUS HBC 692,,2022,Idaho
TRIUMPH,871,2022,Idaho
WILLAMETTE,1393,2022,Idaho
ZAPPA,,2022,Idaho
ALL CLASSES,1729,2022,Oregon
AMARILLO VGXP01,1870,2022,Oregon
AZACCA ADHA-483,,2022,Oregon
C/T/Z,,2022,Oregon
CASCADE,1578,2022,Oregon
CENTENNIAL,1575,2022,Oregon
CHINOOK,1543,2022,Oregon
CITRA HBC 394,1562,2022,Oregon
COMET,,2022,Oregon
CRYSTAL,1739,2022,Oregon
EL DORADO,,2022,Oregon
EUREKA!,,2022,Oregon
EXPERIMENTAL,,2022,Oregon
FUGGLE,,2022,Oregon
GOLDING,,2022,Oregon
HALLERTAUER MAGNUM,,2022,Oregon
HALLERTAUER MITTELFRUHER,,2022,Oregon
IDAHO 7,,2022,Oregon
IDAHO GEM,,2022,Oregon
LIBERTY,,2022,Oregon
MERIDIAN,,2022,Oregon
MOSAIC HBC 369,2059,2022,Oregon
MT. HOOD,1252,2022,Oregon
MT. RAINIER,1473,2022,Oregon
NUGGET,2085,2022,Oregon
OTHER VARIETIES,1595,2022,Oregon
PEKKO ADHA-871,,2022,Oregon
SABRO HBC 438,1996,2022,Oregon
SIMCOE YCR 14,1646,2022,Oregon
SORACHI ACE,,2022,Oregon
STERLING,1559,2022,Oregon
STRATA OR 91331,2000,2022,Oregon
SUPER GALENA,,2022,Oregon
TAHOMA,,2022,Oregon
TALUS HBC 692,1483,2022,Oregon
TETTNANGER,,2022,Oregon
TRIUMPH,,2022,Oregon
WILLAMETTE,1489,2022,Oregon
ALL CLASSES,1694,2022,Us Total
AHTANUM YCR 1,2032,2022,Washington
ALL CLASSES,1679,2022,Washington
AMARILLO VGXP01,1486,2022,Washington
APOLLO,2483,2022,Washington
AZACCA ADHA-483,1559,2022,Washington
BITTER GOLD,,2022,Washington
BRAVO,2161,2022,Washington
C/T/Z,2256,2022,Washington
CALYPSO,,2022,Washington
CASCADE,1477,2022,Washington
CASHMERE,1521,2022,Washington
CENTENNIAL,1464,2022,Washington
CHINOOK,1335,2022,Washington
CITRA HBC 394,1365,2022,Washington
CLUSTER,1505,2022,Washington
COMET,1299,2022,Washington
CRYSTAL,,2022,Washington
DELTA,,2022,Washington
EKUANOT HBC 366,2153,2022,Washington
EL DORADO,1685,2022,Washington
EUREKA!,2205,2022,Washington
EXPERIMENTAL,1717,2022,Washington
GALENA,,2022,Washington
GLACIER,,2022,Washington
HALLERTAUER MAGNUM,,2022,Washington
PAHTO HBC 682,2132,2022,Washington
HORIZON,,2022,Washington
IDAHO 7,2755,2022,Washington
IDAHO GEM,,2022,Washington
LEMONDROP,,2022,Washington
LORAL HBC 291,1843,2022,Washington
LOTUS,,2022,Washington
MILLENNIUM,,2022,Washington
MOSAIC HBC 369,1963,2022,Washington
MT. HOOD,573,2022,Washington
MT. RAINIER,1563,2022,Washington
NORTHERN BREWER,,2022,Washington
NUGGET,,2022,Washington
OTHER VARIETIES,1577,2022,Washington
PALISADE YCR 4,1842,2022,Washington
PEKKO ADHA-871,1882,2022,Washington
SABRO HBC 438,2052,2022,Washington
SIMCOE YCR 14,1380,2022,Washington
SORACHI ACE,,2022,Washington
STERLING,,2022,Washington
STRATA OR 91331,,2022,Washington
SULTANA,,2022,Washington
SUMMIT,,2022,Washington
SUPER GALENA,2838,2022,Washington
TAHOMA,1310,2022,Washington
TALUS HBC 692,1703,2022,Washington
TETTNANGER,,2022,Washington
TRIUMPH,,2022,Washington
VANGUARD,,2022,Washington
WARRIOR YCR 5,1610,2022,Washington
WILLAMETTE,991,2022,Washington
ZAPPA,839,2022,Washington
ALL CLASSES,1949,2023,Idaho
AMARILLO VGXP01,1589,2023,Idaho
APOLLO,2744,2023,Idaho
BRAVO,,2023,Idaho
C/T/Z,2638,2023,Idaho
CALYPSO,,2023,Idaho
CASCADE,1957,2023,Idaho
CASHMERE,1321,2023,Idaho
CENTENNIAL,,2023,Idaho
CHINOOK,2047,2023,Idaho
CITRA HBC 394,1581,2023,Idaho
CLUSTER,,2023,Idaho
COMET,1877,2023,Idaho
CRYSTAL,,2023,Idaho
EKUANOT HBC 366,,2023,Idaho
EL DORADO,2256,2023,Idaho
ELANI YQH 1320,1158,2023,Idaho
EUREKA!,2308,2023,Idaho
EXPERIMENTAL,,2023,Idaho
GALENA,,2023,Idaho
HALLERTAUER MAGNUM,,2023,Idaho
HALLERTAUER MITTELFRUHER,1085,2023,Idaho
HELIOS HS15619,1736,2023,Idaho
IDAHO 7,2572,2023,Idaho
IDAHO GEM,,2023,Idaho
LOTUS,,2023,Idaho
MOSAIC HBC 369,2442,2023,Idaho
MT. RAINIER,1572,2023,Idaho
NORTHERN BREWER,0,2023,Idaho
OTHER VARIETIES,1778,2023,Idaho
PALISADE YCR 4,,2023,Idaho
SAAZ,524,2023,Idaho
SABRO HBC 438,,2023,Idaho
SIMCOE YCR 14,1312,2023,Idaho
SULTANA,,2023,Idaho
TALUS HBC 692,,2023,Idaho
TRIUMPH,,2023,Idaho
WILLAMETTE,1440,2023,Idaho
ALL CLASSES,1558,2023,Oregon
ALTUS,,2023,Oregon
AMARILLO VGXP01,1841,2023,Oregon
AZACCA ADHA-483,,2023,Oregon
CASCADE,1633,2023,Oregon
CENTENNIAL,1057,2023,Oregon
CHINOOK,1453,2023,Oregon
CITRA HBC 394,1290,2023,Oregon
COMET,,2023,Oregon
CRYSTAL,1422,2023,Oregon
EL DORADO,,2023,Oregon
EUREKA!,,2023,Oregon
EXPERIMENTAL,,2023,Oregon
GOLDING,,2023,Oregon
HALLERTAUER MAGNUM,,2023,Oregon
HALLERTAUER MITTELFRUHER,,2023,Oregon
IDAHO 7,,2023,Oregon
IDAHO GEM,,2023,Oregon
LIBERTY,835,2023,Oregon
MCKENZIE C 148,,2023,Oregon
MERIDIAN,,2023,Oregon
MOSAIC HBC 369,1907,2023,Oregon
MT. HOOD,1373,2023,Oregon
MT. RAINIER,1497,2023,Oregon
NUGGET,2236,2023,Oregon
OTHER VARIETIES,1934,2023,Oregon
SABRO HBC 438,,2023,Oregon
SIMCOE YCR 14,1225,2023,Oregon
SORACHI ACE,,2023,Oregon
STERLING,1859,2023,Oregon
STRATA OR 91331,1617,2023,Oregon
SUPER GALENA,,2023,Oregon
TAHOMA,1884,2023,Oregon
TALUS HBC 692,,2023,Oregon
TETTNANGER,,2023,Oregon
TRIUMPH,,2023,Oregon
WILLAMETTE,1524,2023,Oregon
ALL CLASSES,1915,2023,Us Total
AHTANUM YCR 1,,2023,Washington
ALL CLASSES,1971,2023,Washington
ALTUS,,2023,Washington
AMARILLO VGXP01,1686,2023,Washington
APOLLO,2989,2023,Washington
AZACCA ADHA-483,1980,2023,Washington
BITTER GOLD,,2023,Washington
BRAVO,2896,2023,Washington
C/T/Z,2465,2023,Washington
CALYPSO,,2023,Washington
CASCADE,1957,2023,Washington
CASHMERE,1949,2023,Washington
CENTENNIAL,1191,2023,Washington
CHINOOK,1812,2023,Washington
CITRA HBC 394,1585,2023,Washington
CLUSTER,1722,2023,Washington
COMET,1857,2023,Washington
CRYSTAL,,2023,Washington
EKUANOT HBC 366,2335,2023,Washington
EL DORADO,2093,2023,Washington
ELANI YQH 1320,2403,2023,Washington
EUREKA!,3028,2023,Washington
EXPERIMENTAL,1769,2023,Washington
GALENA,,2023,Washington
GLACIER,,2023,Washington
GOLDING,,2023,Washington
HALLERTAUER MAGNUM,,2023,Washington
PAHTO HBC 682,2032,2023,Washington
HELIOS HS15619,1733,2023,Washington
IDAHO 7,3062,2023,Washington
IDAHO GEM,,2023,Washington
LEMONDROP,,2023,Washington
LORAL HBC 291,1989,2023,Washington
LOTUS,,2023,Washington
MCKENZIE C 148,,2023,Washington
MOSAIC HBC 369,2207,2023,Washington
MT. HOOD,,2023,Washington
MT. RAINIER,2031,2023,Washington
NORTHERN BREWER,,2023,Washington
NUGGET,,2023,Washington
OTHER VARIETIES,2177,2023,Washington
PALISADE YCR 4,2268,2023,Washington
PEKKO ADHA-871,2319,2023,Washington
SABRO HBC 438,3034,2023,Washington
SIMCOE YCR 14,1539,2023,Washington
SORACHI ACE,,2023,Washington
STRATA OR 91331,,2023,Washington
SULTANA,,2023,Washington
SUMMIT,,2023,Washington
SUPER GALENA,2970,2023,Washington
TAHOMA,1589,2023,Washington
TALUS HBC 692,1967,2023,Washington
TETTNANGER,,2023,Washington
TRIUMPH,,2023,Washington
VANGUARD,,2023,Washington
WARRIOR YCR 5,2070,2023,Washington
WILLAMETTE,971,2023,Washington
ZAPPA,,2023,Washington
ALL CLASSES,2273,2024,Idaho
AMARILLO VGXP01,1891,2024,Idaho
APOLLO,2709,2024,Idaho
BRAVO,,2024,Idaho
C/T/Z,3336,2024,Idaho
CALYPSO,,2024,Idaho
CASCADE,2136,2024,Idaho
CASHMERE,,2024,Idaho
CENTENNIAL,,2024,Idaho
CHINOOK,1903,2024,Idaho
CITRA HBC 394,1579,2024,Idaho
COMET,,2024,Idaho
CRYSTAL,,2024,Idaho
EKUANOT HBC 366,,2024,Idaho
EL DORADO,,2024,Idaho
ELANI YQH 1320,2673,2024,Idaho
EUREKA!,2592,2024,Idaho
EXPERIMENTAL,1691,2024,Idaho
GALENA,,2024,Idaho
HALLERTAUER MAGNUM,,2024,Idaho
HALLERTAUER MITTELFRUHER,1693,2024,Idaho
PAHTO HBC 682,,2024,Idaho
HELIOS HS15619,3092,2024,Idaho
IDAHO 7,2680,2024,Idaho
LOTUS,,2024,Idaho
MOSAIC HBC 369,2644,2024,Idaho
OTHER VARIETIES,2013,2024,Idaho
SAAZ,813,2024,Idaho
SABRO HBC 438,,2024,Idaho
SIMCOE YCR 14,1392,2024,Idaho
SULTANA,,2024,Idaho
TALUS HBC 692,,2024,Idaho
TRIUMPH,,2024,Idaho
WILLAMETTE,1501,2024,Idaho
ALL CLASSES,1732,2024,Oregon
ALTUS,,2024,Oregon
AMARILLO VGXP01,1727,2024,Oregon
AZACCA ADHA-483,,2024,Oregon
C/T/Z,,2024,Oregon
CASCADE,1634,2024,Oregon
CASHMERE,,2024,Oregon
CENTENNIAL,1459,2024,Oregon
CHINOOK,1510,2024,Oregon
CITRA HBC 394,1698,2024,Oregon
COMET,,2024,Oregon
CRYSTAL,1432,2024,Oregon
EUREKA!,,2024,Oregon
GOLDING,,2024,Oregon
HALLERTAUER MAGNUM,,2024,Oregon
HALLERTAUER MITTELFRUHER,,2024,Oregon
HELIOS HS15619,,2024,Oregon
IDAHO 7,,2024,Oregon
IDAHO GEM,,2024,Oregon
LIBERTY,1233,2024,Oregon
MCKENZIE C 148,,2024,Oregon
MERIDIAN,,2024,Oregon
MOSAIC HBC 369,2203,2024,Oregon
MT. HOOD,1548,2024,Oregon
MT. RAINIER,,2024,Oregon
NUGGET,2268,2024,Oregon
OTHER VARIETIES,1757,2024,Oregon
SABRO HBC 438,,2024,Oregon
SIMCOE YCR 14,1337,2024,Oregon
SORACHI ACE,,2024,Oregon
STERLING,1451,2024,Oregon
STRATA OR 91331,1961,2024,Oregon
TAHOMA,,2024,Oregon
TALUS HBC 692,,2024,Oregon
TETTNANGER,,2024,Oregon
TRIUMPH,,2024,Oregon
WILLAMETTE,1465,2024,Oregon
ALL CLASSES,1944,2024,Us Total
AHTANUM YCR 1,,2024,Washington
ALL CLASSES,1922,2024,Washington
ALTUS,,2024,Washington
AMARILLO VGXP01,1419,2024,Washington
APOLLO,2682,2024,Washington
AZACCA ADHA-483,2020,2024,Washington
BITTER GOLD,,2024,Washington
BRAVO,2711,2024,Washington
C/T/Z,2496,2024,Washington
CALYPSO,,2024,Washington
CASCADE,1839,2024,Washington
CASHMERE,1695,2024,Washington
CENTENNIAL,1621,2024,Washington
CHINOOK,1722,2024,Washington
CITRA HBC 394,1573,2024,Washington
CLUSTER,1855,2024,Washington
COMET,1558,2024,Washington
CRYSTAL,,2024,Washington
EKUANOT HBC 366,2021,2024,Washington
EL DORADO,1580,2024,Washington
ELANI YQH 1320,2247,2024,Washington
EUREKA!,3119,2024,Washington
EXPERIMENTAL,1924,2024,Washington
GALENA,,2024,Washington
GLACIER,,2024,Washington
GOLDING,,2024,Washington
HALLERTAUER MAGNUM,,2024,Washington
HALLERTAUER MITTELFRUHER,,2024,Washington
PAHTO HBC 682,2043,2024,Washington
HELIOS HS15619,2010,2024,Washington
IDAHO 7,2598,2024,Washington
LEMONDROP,,2024,Washington
LORAL HBC 291,1807,2024,Washington
LOTUS,,2024,Washington
MOSAIC HBC 369,2058,2024,Washington
MT. HOOD,,2024,Washington
MT. RAINIER,,2024,Washington
NORTHERN BREWER,,2024,Washington
NUGGET,,2024,Washington
OTHER VARIETIES,1738,2024,Washington
PALISADE YCR 4,2208,2024,Washington
PEKKO ADHA-871,,2024,Washington
SABRO HBC 438,2397,2024,Washington
SIMCOE YCR 14,1527,2024,Washington
SORACHI ACE,,2024,Washington
STERLING,,2024,Washington
STRATA OR 91331,,2024,Washington
SULTANA,,2024,Washington
SUMMIT,,2024,Washington
SUPER GALENA,2921,2024,Washington
TAHOMA,1329,2024,Washington
TALUS HBC 692,1864,2024,Washington
TETTNANGER,,2024,Washington
VANGUARD,,2024,Washington
WARRIOR YCR 5,1723,2024,Washington
WILLAMETTE,1320,2024,Washington
ZAPPA,,2024,Washington
